"Education - Out-of-school rate for children of primary school age, both sexes (%)",1970,1970 notes,1971,1971 notes,1972,1972 notes,1973,1973 notes,1974,1974 notes,1975,1975 notes,1976,1976 notes,1977,1977 notes,1978,1978 notes,1979,1979 notes,1980,1980 notes,1981,1981 notes,1982,1982 notes,1983,1983 notes,1984,1984 notes,1985,1985 notes,1986,1986 notes,1987,1987 notes,1988,1988 notes,1989,1989 notes,1990,1990 notes,1991,1991 notes,1992,1992 notes,1993,1993 notes,1994,1994 notes,1995,1995 notes,1996,1996 notes,1997,1997 notes,1998,1998 notes,1999,1999 notes,2000,2000 notes,2001,2001 notes,2002,2002 notes,2003,2003 notes,2004,2004 notes,2005,2005 notes,2006,2006 notes,2007,2007 notes,2008,2008 notes,2009,2009 notes,2010,2010 notes,2011,2011 notes,2012,2012 notes,2013,2013 notes,2014,2014 notes,2015,2015 notes,2016,2016 notes,2017,2017 notes,2018,2018 notes
Afghanistan,,,,,,,,,72.90659332,,,,,,,,,,,,,,,,,,,,,,,,,,,,,,,,,,,,,,71.82878876,,,,,,,,,,,,,,,,,,,,,,,,,,,,,,,,,,,,,,,,,,,,,,,,,,,
Albania,,,,,,,,,,,,,,,,,,,,,,,,,,,,,,,,,,,,,,,,,,,,,,,,,,,,,,,,,,,2.717969894,[foot]‡[/foot],4.140250206,,5.673009872,,,,7.881169796,,8.682120323,,,,,,,,12.84883976,,14.29041004,,13.72669029,,12.81320953,,9.534899712,,5.633820057,,3.840699911,,4.403389931,,4.341450214,,2.938250065,,,
Algeria,,,,,,,32.50191879,,28.59835052,,26.18819046,,24.21545982,,22.64739037,,21.59210968,,21.49588013,,20.38326073,,20.12043953,,20.44992065,,21.11783981,,20.09967041,,19.75460052,,18.60317993,,17.29888916,,16.19920921,,15.13484955,,14.60958958,,12.88778973,,11.80091,,12.2899704,,12.34745979,,12.11717033,,12.56140041,,13.08477974,,,,10.27140045,,9.473810196,,7.358039856,,6.0978899,,5.573890209,,4.821209908,,4.522799969,,4.322740078,,4.121140003,,2.778949976,,1.033869982,,1.112519979,,0.949150026,,0.889169991,,,,,,0.732900023,,0.768790007,,0.557070017,,,
American Samoa,,,,,,,,,,,,,,,,,,,,,,,,,,,,,,,,,,,,,,,,,,,,,,,,,,,,,,,,,,,,,,,,,,,,,,,,,,,,,,,,,,,,,,,,,,,,,,,,,,
Andorra,,,,,,,,,,,,,,,,,,,,,,,,,,,,,,,,,,,,,,,,,,,,,,,,,,,,,,,,,,,,,,,,,,,,,,,,,,,,,,,,,,,,,,,,,,,,,,,,,,
Angola,,,,,,,,,,,,,,,,,,,,,,,,,56.69017029,,59.8185997,,,,,,,,,,,,,,,,,,,,,,,,,,,,,,54.95146179,,,,,,,,,,,,,,,,,,,,25.10634041,,25.85119057,,24.71816063,[foot]+[/foot],22.5494194,,,,,,,,,,,,,,,
Anguilla,,,,,,,,,,,,,,,,,,,,,,,,,,,,,,,,,,,,,,,,,,,,,,,,,,,,,,,,,,,,,,,,,,,,,,,,,,,,,,,,,,,,,,,,,,,,,,,,,,
Antigua and Barbuda,,,,,,,,,,,,,,,,,,,,,,,,,,,,,,,,,,,,,,,,,,,,,,,,,,,,,,,,,,,,,,,,,,,,,,,,,,,15.64078999,[foot]‡[/foot],15.08323956,,15.82752037,,18.6262207,,20.50699043,[foot]‡[/foot],22.07792091,,,,22.4378891,,18.52721024,,,,,,,
Argentina,5.027029991,,,,,,,,3.387290001,,3.614180088,,,,,,,,,,,,,,,,,,,,,,,,5.458449841,,,,,,,,3.745160103,,,,,,,,,,,,,,0.061810002,,0.24808,,0.45153001,,,,,,0.456149995,,0.802670002,,0.654169977,,0.529349983,,0.424019992,,0.560899973,,0.56467998,,0.933839977,,0.856980026,,0.813000023,,0.644609988,,0.325529993,,0.265700012,,0.658479989,,,,,
Armenia,,,,,,,,,,,,,,,,,,,,,,,,,,,,,,,,,,,,,,,,,,,,,,,,,,,,,,,,,,,,,,,,,12.86773014,,14.46844959,,,,11.38667011,,7.782350063,,2.923019886,,,,,,,,4.846139908,,3.573090076,[foot]‡[/foot],3.453130007,[foot]‡[/foot],6.018760204,[foot]‡[/foot],7.190670013,[foot]‡[/foot],7.672410011,,7.602359772,,,
Aruba,,,,,,,,,,,,,,,,,,,,,,,,,,,,,,,,,,,,,,,,,,,,,,,,,,,,,,,,,,,1.986179948,,1.758159995,,3.373349905,,4.591609955,,6.025159836,,5.223639965,,2.021080017,,1.3398,[foot]‡[/foot],1.084210038,,0.896669984,,3.982599974,,1.080250025,,,,,,,,0.708010018,[foot]‡[/foot],,,,,,,,
Australia,,,3.790879965,,,,5.170639992,,5.800360203,,3.051100016,,2.024830103,,0.028200001,,0.019370001,,0.02142,,0.04589,,0.192120001,,1.293280005,,2.275130033,,4.083610058,,4.044499874,,3.38477993,,2.851530075,,2.195359945,,2.094059944,,2.493279934,,3.07791996,,3.307889938,,3.717999935,,4.014080048,,5.435379982,[foot]‡[/foot],5.012660027,[foot]‡[/foot],5.400169849,,5.437280178,[foot]‡[/foot],5.770390034,[foot]‡[/foot],5.804950237,[foot]‡[/foot],6.004899979,,5.931670189,[foot]‡[/foot],5.238430023,[foot]‡[/foot],4.856460094,[foot]‡[/foot],4.373060226,[foot]‡[/foot],4.193230152,[foot]‡[/foot],3.424210072,[foot]‡[/foot],3.304440022,[foot]‡[/foot],3.177220106,[foot]‡[/foot],2.894730091,[foot]‡[/foot],2.234240055,[foot]‡[/foot],2.344739914,[foot]‡[/foot],2.507369995,[foot]‡[/foot],2.854320049,[foot]‡[/foot],2.879899979,,3.217000008,,,,,
Austria,,,9.044159889,,9.834690094,,11.18918991,,12.08257961,,12.37456989,,12.95526028,,,,,,,,,,,,,,,,,,,,,,,,,,5.712500095,,,,,,,,,,,,,,,,,,,,,,,,,,,,,,,,,,,,,,,,,,,,,,,,,,,,,,,,,,,
Azerbaijan,,,,,,,,,,,,,,,,,,,,,,,,,,,,,,,,,,,,,,,,,,,3.828579903,,3.850620031,,8.67994976,,16.7350502,,15.33697987,,6.491640091,,9.873060226,,11.27398968,,7.85890007,[foot]+[/foot],11.76037979,[foot]‡[/foot],14.53660011,[foot]‡[/foot],15.08965969,[foot]+[/foot],16.65369987,[foot]+[/foot],15.71673965,[foot]+[/foot],16.0464592,[foot]+[/foot],16.2279892,[foot]‡[/foot],16.54158974,[foot]‡[/foot],16.01248932,[foot]‡[/foot],14.48110008,[foot]‡[/foot],15.27394962,[foot]‡[/foot],12.73192024,[foot]‡[/foot],10.70997047,[foot]‡[/foot],6.329319954,[foot]‡[/foot],5.187900066,[foot]‡[/foot],5.737249851,[foot]‡[/foot],5.03470993,[foot]+[/foot],5.945539951,[foot]+[/foot],,
Bahamas,,,,[foot]n[/foot],0.080750003,,3.628170013,,0.610099971,,,[foot]n[/foot],1.141029954,,,,,,,,2.780819893,,,[foot]n[/foot],,,,,4.076059818,,,,,,,,,,,,,,,,11.46399021,,11.1232996,,7.389120102,,,,,,,,,,8.713359833,,,,,,,,,,5.605410099,[foot]‡[/foot],1.417250037,,2.870179892,,1.339169979,,1.392289996,,3.805890083,,2.200700045,,,,,,,,,,,,11.63224983,,,,,
Bahrain,,,23.66032028,,20.79520988,,19.73092079,,18.13788986,,14.71399021,,17.8751297,,17.88611984,,19.94429016,,19.3085804,,17.60169983,,18.00396919,,19.39119911,,16.74144936,,13.38939953,,8.948769569,,3.856270075,,4.484149933,,1.726340055,,0.938600004,,,,0.587239981,,2.991519928,,1.977180004,,2.067719936,,0.89042002,,0.142000005,,0.396620005,,0.05635,,0.468679994,,2.111340046,[foot]‡[/foot],5.144909859,[foot]‡[/foot],5.571640015,[foot]‡[/foot],6.613609791,,7.120429993,,9.802300453,,8.107370377,,,,,,,,,,8.10033989,,7.259190083,,6.26169014,,4.276140213,,2.004559994,,2.099740028,,1.137989998,,,
Bangladesh,49.15306091,,,,,,29.63138008,,,,,,23.75634956,,28.65788078,,29.3888092,,,,,,32.45587158,,,,35.62960815,,37.02769089,,38.85242081,,39.85813904,,40.8529892,,30.57246971,,30.60969925,,27.67579079,,,,,,,,,,,,,,,,,,,,,,,,,,,,,,4.810870171,,4.355040073,[foot]‡[/foot],,,7.419129848,[foot]+[/foot],6.500259876,[foot]+[/foot],5.067949772,[foot]‡[/foot],,,,,,,,,,,,,4.85078001,,,
Barbados,,,13.55976963,,11.94316959,,11.27612019,,,,,,1.174090028,,1.667070031,,1.762509942,,1.127159953,,,,5.388370037,,5.496749878,,3.680799961,,,,,,,,,,,,0.298819989,,2.396820068,,,,10.26632977,,,,,,,,,,,,,,2.809400082,[foot]‡[/foot],4.441699982,,5.384799957,,8.062049866,,8.303310394,,9.502340317,,9.718259811,,7.921790123,,5.186719894,,3.185499907,[foot]+[/foot],6.162630081,[foot]+[/foot],4.919479847,[foot]+[/foot],6.383629799,[foot]+[/foot],,,,,8.509129524,,7.473309994,,7.024829865,,9.573129654,,,
Belarus,,,,,,,,,,,,,,,,,,,,,,,,,,,,,,,,,,,,,,,,,,,,,,,,,,,12.41901016,,,,,,,,,,,,3.459860086,[foot]‡[/foot],6.466060162,[foot]‡[/foot],6.339149952,[foot]‡[/foot],7.863969803,[foot]‡[/foot],9.838299751,[foot]‡[/foot],9.825309753,[foot]‡[/foot],9.969900131,[foot]‡[/foot],,,8.055950165,[foot]‡[/foot],8.606780052,,8.982439995,,5.721149921,,6.797399998,,6.57957983,,5.363939762,,3.574450016,,3.986900091,,,
Belgium,,,,,,,,,,,,,,,3.702209949,,,,2.379570007,,1.845020056,,2.959759951,,2.877330065,,6.018420219,,6.70705986,,7.127429962,,5.695849895,,4.314869881,,3.109719992,,,,,,3.465950012,,4.906020164,,2.333630085,,2.958329916,,2.921720028,,2.460299969,,,,,,0.867789984,,0.808009982,,0.818799973,,1.054669976,,2.033030033,,3.640820026,,4.009079933,,3.692399979,,2.755399942,,2.15963006,,2.228889942,,2.47329998,,2.348599911,,2.004590034,,1.966500044,,2.026679993,,1.619250059,,1.33781004,,,,,
Belize,,,,,,,,,,,,,,,,,,,,,,,,,,,,,,,,,,,,,,,,,,,,,,,,,,,,,,,,,,,0.805649996,[foot]‡[/foot],3.666610003,[foot]‡[/foot],6.471570015,[foot]‡[/foot],,,6.132349968,,4.527649879,,4.927830219,,4.284450054,,4.698979855,,3.714590073,[foot]‡[/foot],2.866899967,,1.985890031,,2.323450089,,0.433189988,,1.112370014,,0.848219991,,0.780579984,,0.823759973,,0.726199985,,,
Benin,,,,,,,,,,,,,,,,,,,,,,,,,,,,,49.89529037,,49.16003036,,51.09972,,,,51.55624008,,51.07284164,,60.49393082,,,,50.78702164,,46.78644943,,45.51958847,,43.10810089,,40.88154984,,37.52114105,[foot]‡[/foot],,,,,,,,,,,15.46934032,[foot]‡[/foot],12.35111046,[foot]‡[/foot],16.34494019,,13.18550968,,,,9.864299774,,5.76789999,,5.077219963,,5.190899849,,4.493850231,,,,3.639630079,,,,,,2.966340065,,,
Bermuda,,,,,,,,,,,,,,,,,17.28041077,,19.19701004,,,,,,,,,,8.350689888,,6.024740219,,,,,,,,,,,,,,,,,,,,,,,,,,,,,,,,,,,,,,,,2.419640064,[foot]‡[/foot],,,,,,,,,,,12.08926964,,16.54212952,,,,,,,,,,,,,
Bhutan,,,,,,,,,,,,,,,,,78.19206238,,75.4181366,,,,,,,,,,,,,,,,,,,,,,,,,,,,,,,,,,,,,,46.80373001,,45.83771896,,42.98271179,,39.71520996,,,,,,,,29.72396088,,25.89067078,,,,20.40192986,,15.9212904,,13.82581997,,13.05898952,,11.30745983,,12.64276981,,,,15.38051987,,17.00452995,,18.05340958,,,
Bolivia,,,,,,,,,,,,,,,,,,,,,,,,,,,,,,,,,,,,,,,,,,,,,,,,,,,,,,,,,4.731019974,[foot]‡[/foot],4.577089787,[foot]‡[/foot],3.911040068,,3.667850018,,3.429130077,,2.916429996,,3.076060057,,3.033529997,,3.05644989,,3.326250076,,5.034500122,,2.023890018,,4.449409962,,6.720399857,,10.12576962,,10.53680038,,10.74534988,,10.1141901,,9.12005043,,7.498929977,,,
Bonaire,,,,,,,,,,,,,,,,,,,,,,,,,,,,,,,,,,,,,,,,,,,,,,,,,,,,,,,,,,,,,,,,,,,,,,,,,,,,,,,,,,,,,,,,,,,,,,,,,,
Bosnia/Herzegovina,,,,,,,,,,,,,,,,,,,,,,,,,,,,,,,,,,,,,,,,,,,,,,,,,,,,,,,,,,,,,,,,,,,,,,,,,,,,,,,,,,,,,,,,,,,,,,,,,,
Botswana,56.66540146,,59.4406395,,57.86759186,,54.46688843,,50.21335983,,43.81264114,,39.31045151,,35.04710007,,34.00511169,,32.26057053,,27.97904968,,23.6944809,,,,19.76631927,,19.40189934,,17.45046997,,16.36454964,,15.4789896,,15.01745987,,14.48398018,,14.99510956,,12.97387028,,13.53833008,,13.79146004,,13.51290989,,21.27823067,,20.1305294,,,,16.36931992,,16.87225914,,15.77130985,[foot]‡[/foot],14.18957043,,14.03833961,,14.0570097,,13.27285957,,14.14914036,,13.06544018,,13.8003397,,14.26412964,,13.49895954,,,,,,7.169819832,,6.475080013,,10.4783802,,,,,,,,,
Brazil,,,,,,,,,,,,,,,,,,,,,,,,,,,,,,,,,,,,,,,,,,,,,,,,,,,,,,,,,,,1.927279949,[foot]‡[/foot],,,1.145069957,[foot]‡[/foot],3.272589922,[foot]+[/foot],5.704939842,[foot]+[/foot],4.414690018,[foot]+[/foot],3.920069933,[foot]+[/foot],,,7.525889874,[foot]+[/foot],1.461689949,[foot]+[/foot],3.414920092,[foot]+[/foot],,,4.302820206,[foot]+[/foot],1.450070024,[foot]+[/foot],2.676110029,[foot]+[/foot],2.563800097,[foot]+[/foot],3.147690058,[foot]+[/foot],2.79798007,[foot]+[/foot],,,,
British Virgin Is,,,,,,,,,,,,,,,,,,,,,,,,,,,,,,,,,,,,,,,,,,,,,,,,,,,,,,,,,,,,,,,,,,,,,,,,,,,,,,,,,,,,,,,,,,,,,,,,,,
Brunei Darussalam,,,,,,,,,,,,,,,10.36635017,,10.23408985,,19.95178032,,20.1023407,,23.9016304,,25.44758987,,24.12898064,,23.14114952,,,,19.89595985,,,,,,,,,,10.12841988,,8.32281971,,5.685989857,,5.565670013,,1.999040008,,,,,,,,,,,,,,,,,,,,,,,,,,,,2.703219891,,,,,,3.346960068,,2.595580101,,3.632539988,,3.738470078,,3.384880066,,3.585530043,,,
Bulgaria,,,,,,,,,,,,,,,,,,,,,,,,,,,,,,,,,,,,,,,,,,,,,,,,,,,,,6.056079865,,4.98845005,,2.532979965,,2.414690018,,2.908459902,,2.893349886,,3.972249985,,3.728480101,,3.066080093,,4.260119915,,3.303719997,,0.473740011,,0.32971999,,0.68957001,,0.47984001,,0.489560008,,2.231209993,,3.616660118,,4.164159775,,5.207729816,,6.841080189,,,,,
Burkina Faso,,,89.94539642,,89.51220703,,,,,,,,,,87.44204712,,86.97318268,,86.48110199,,85.69155121,,84.67562103,,83.18589783,,81.91998291,,80.57095337,,78.51538086,,76.51454163,,74.86180878,,74.37802887,,74.08528137,,,,72.81773376,,72.29647827,,71.3129425,,70.08696747,,68.46485138,,,,,,65.01966095,,64.48542786,,63.25370026,,62.22814178,,63.27857971,,60.95145035,,58.85108185,,54.02714157,,50.37657166,,45.04639053,,38.99695969,,36.10548019,,39.78992081,,35.10894012,,33.92581177,,33.02779007,,31.69606972,,30.03992081,,24.14706993,,22.9950695,,,
Burundi,,,,,,,81.22512817,,,,,,,,,,82.58303833,,,,80.83760071,,78.84031677,,75.38926697,,69.0087204,,64.12425995,,59.77394104,,57.31422043,,52.31246185,,49.84051132,,,,,,,,,,49.80522919,,,,,,,,,,,,,,57.69831848,[foot]‡[/foot],48.76573181,[foot]‡[/foot],49.41875839,[foot]‡[/foot],45.88920975,[foot]‡[/foot],44.27241135,[foot]‡[/foot],41.08853912,[foot]‡[/foot],24.30060959,[foot]‡[/foot],17.24319077,[foot]‡[/foot],6.648169994,,8.35352993,[foot]‡[/foot],2.986479998,,,,,,,,,,,,,,2.682320118,,,
Cabo Verde,,,,,,,,,,,,,,,,,,,,,,,11.06789017,,12.53775978,,15.60042,,9.132619858,,6.322460175,,5.053380013,[foot]‡[/foot],3.898119926,,0.438809991,,,,0.802070022,,,,,,,,0.87462002,,,,,,,,0.203130007,,,,0.398580015,[foot]‡[/foot],1.658879995,,2.060980082,[foot]‡[/foot],2.721100092,,4.676569939,,5.381899834,[foot]‡[/foot],6.403140068,,7.986259937,,10.07520008,[foot]‡[/foot],11.4714098,[foot]‡[/foot],12.49188995,,13.44143009,[foot]‡[/foot],12.90664959,,13.23878956,,13.04522991,,12.96348953,,13.58977032,,13.68146038,,,
Cambodia,,,,,,,,,,,,,,,,,,,,,,,,,,,,,,,,,,,,,,,,,,,,,,,,,,,,,,,16.87902069,,15.02342033,,13.08565998,,7.317389965,,,,,,2.292249918,,,,,,5.144780159,,4.089129925,,5.399260044,,,,6.359710217,,2.48119998,,2.593250036,,,,4.931389809,,4.711090088,[foot]‡[/foot],7.218389988,,9.438429832,,,
Cameroon,,,35.51829147,,36.58572006,,38.34556961,,40.46152115,,33.83811188,,32.30718994,,33.59051895,,32.23406982,,31.28449059,,31.04322052,,,,,,,,,,,,,,,,25.15962029,,,,26.02836037,,27.93125916,[foot]‡[/foot],,,,,,,,,,,,,,,,,,,,,,,,,,,,,,,,,13.47564983,[foot]‡[/foot],10.77871037,[foot]‡[/foot],,,8.908699989,[foot]‡[/foot],5.865369797,[foot]‡[/foot],,,5.202819824,,,,4.725979805,,4.799510002,[foot]‡[/foot],,
Canada,,,,,,,,,,,,,,,,,,,,,,,,,4.432889938,,4.705739975,,5.273379803,,5.424759865,,5.110360146,,5.045869827,,5.050590038,,4.815839767,,4.81427002,,2.261379957,,2.513669968,,4.137340069,,4.691080093,,5.817170143,,4.889110088,,,,1.567280054,,0.294849992,,0.080470003,,,,,,,,,,,,,,,,,,,,,,,,0.529410005,,0.550080001,,0.595489979,,0.401899993,,0.037760001,,,,,
Cayman Islands,,,,,,,,,,,,,,,,,,,,,,,,,,,,,,,,,,,,,,,,,,,,,,,,,,,,,,,,,,,,,,,,,,,,,,,,,,,,,,,,,,,,,,,,,,,,,,,,,,
Central African Republic,,,50.1779213,,47.67444992,,45.49470901,,,,,,,,49.35166168,,49.52922821,,,,,,44.75201035,,43.1271286,,41.47528839,,,,,,38.96755981,,49.37300873,,51.6720314,,51.6171608,,42.73791885,,47.04719162,,,,,,,,,,,,,,,,,,,,,,,,,,,,52.23205948,,51.78942108,[foot]‡[/foot],43.78429031,,34.90962982,,34.58514023,,32.32061005,[foot]‡[/foot],34.26395035,,31.64777946,,,,,,,,,,,,,
Chad,,,,,,,,,,,75.8194809,,,,75.27966309,,,,,,,,,,,,,,,,,,,,,,66.6160202,,,,,,,,,,,,,,,,62.63360977,,57.27629089,,52.10943985,,50.20003891,,48.53055954,,47.32088089,[foot]‡[/foot],43.8232193,,42.28255081,[foot]‡[/foot],,,,,,,,,,,,,,,37.14136124,,,,,,,,,,,,,,,
Channel Islands,,,,,,,,,,,,,,,,,,,,,,,,,,,,,,,,,,,,,,,,,,,,,,,,,,,,,,,,,,,,,,,,,,,,,,,,,,,,,,,,,,,,,,,,,,,,,,,,,,
Chile,,,,,,,,,,,,,,,,,,,,,,,,,,,,,,,,,,,,,,,,,,,,,,,,,,,,,,,,,,,,,,,,,,,,,,,,,,,4.584619999,,4.893740177,,7.145030022,,6.713500023,,7.89729023,,8.503109932,,9.344499588,,9.172989845,,8.366330147,,7.054769993,,,,,
China,,,,,,,,,,,,,,,,,,,,,,,,,,,,,,,,,,,5.860750198,,4.484920025,,3.49710989,,3.128109932,,3.799129963,,5.244760036,,6.610549927,,8.17759037,,9.68805027,,10.55580997,,10.86338043,,,,,,,,,,,,,,,,,,,,,,,,,,,,,,,,,,,,,,,,,,,
"China, Hong Kong",,,12.09716034,,10.93148994,,10.95489025,,9.450340271,,7.830420017,,6.767739773,,5.605249882,,6.130599976,,5.85172987,,1.808689952,,2.118940115,,2.845170021,,3.185630083,,3.831899881,,4.973969936,,,,,,,,,,,,,,,,,,,,7.13711977,,7.19961977,,,,,,,,,,,,,,,,,,,,,,,,,,,,,,,,,,,,,,,,,,,,,
"China, Macao",,,,,,,,,,,,,,,,,,,,,,,,,,,,,,,,,,,,,,,,,9.906550407,,,,14.6648798,,,,,,,,,,,,,,12.58718014,,13.45164013,,15.77186966,,15.19904995,,15.15501976,,14.74505997,,14.60062027,,14.92850018,,13.86201954,,13.86297035,,15.15555954,,15.41456985,,14.04557991,,12.49787045,,10.23933983,,5.763460159,,1.948160052,,1.282500029,,0.968999982,,,
Colombia,,,,,,,,,,,,,,,,,,,,,,,,,29.28277969,,,,30.99768066,,32.35214996,,34.44137955,,33.94506073,,34.36243057,,34.58509064,,,,32.07265854,,24.4531498,,23.5890007,,22.47904015,,18.96459961,,13.72321033,,,,6.073239803,,3.66012001,,2.462349892,,2.915529966,,2.416749954,,,,2.809240103,[foot]‡[/foot],2.54440999,[foot]‡[/foot],3.610860109,,4.222259998,,3.712490082,,3.147749901,,2.778949976,,2.681040049,,5.649340153,,6.921229839,,7.74187994,,6.831809998,,6.418819904,,6.312990189,,,
Comoros,,,,,,,,,,,,,,,,,,,,,,,,,,,12.66950989,,,,,,16.51771927,,24.37148094,,,,,,,,,,,,,,30.77780914,,,,,,,,,,39.20603943,,32.5052681,[foot]+[/foot],,,,,,,,,,,,,20.82587051,,,,,,,,,,,,13.28524017,,17.2826004,,,,,,15.81527042,,,
Republic of Congo,,,,,17.77465057,,,,11.46446037,,,,8.432120323,,,,4.892849922,,4.646319866,,12.7740202,,13.77861023,,13.24009991,,12.81956005,,11.59039974,,,,,,,,,,,,,,,,,,,,,,,,,,,,,,,,,,,,,,,,,,48.66675186,,45.37001038,,,,,,,,15.53102016,[foot]+[/foot],,,12.77954006,,,,,,,,,,,,,
Democratic Republic of the Congo,,,30.68174934,,32.43542099,,,,,,29.77573013,,,,,,,,26.80014038,,,,,,,,24.31797028,,23.70317078,,,,,,,,35.45087051,,,,,,38.57117844,,40.26811981,,41.3193512,,40.1387291,,32.1642189,,,,,,,,63.18819046,,,,,,,,,,,,,,,,,,,,,,,,,,,,,,,,,,,,,,,
Cook Islands,,,,,,,,,,,,,,,,,,,,,,,,,,,,,,,,,,,,,,,,,,,,,,,,,,,,,,,,,9.179100037,[foot]+[/foot],13.7393198,[foot]+[/foot],5.663720131,[foot]‡[/foot],,,,,,,,,,,,,,,,,,,1.564859986,[foot]+[/foot],,,1.49206996,[foot]+[/foot],3.12184,[foot]+[/foot],2.144469976,[foot]+[/foot],4.189720154,[foot]+[/foot],,,,,,
Costa Rica,12.33403969,,,,10.28337955,[foot]‡[/foot],9.425219536,,,,9.730010033,,8.210330009,,,,9.730600357,,11.02270031,,10.7853899,,10.07474041,,11.6507597,,,,,,13.91508961,,12.88644028,,12.6576004,,,,12.27264977,,12.26640987,,11.71298027,,9.65351963,,8.86135006,,9.266719818,,7.551750183,,5.086510181,,,,,,,,,,,,,,,,,,,,,,,,,,,,,,0.563419998,,0.529789984,,1.527590036,,3.64151001,,3.483469963,,3.20991993,,,,,
Croatia,,,,,,,,,,,,,,,,,,,,,,,,,,,,,,,,,,,,,,,,,,,,,,,,,,,,,,,,,16.00045967,,7.421730042,,6.093289852,,3.834569931,,1.724419951,,0.263099998,,,,1.103240013,,1.141070008,,1.21408999,,2.792840004,,8.497209549,,5.241049767,,3.027839899,,1.489189982,,1.743530035,,1.664669991,,1.654189944,,2.351749897,,,,,
Cuba,,,,,7.041600227,,5.493080139,,4.585000038,,,,,,,,,,1.651990056,,2.388930082,,4.582950115,,5.656770229,,5.552110195,,7.031459808,,8.758970261,,8.461669922,,6.932650089,,7.155010223,,7.075719833,,7.509709835,,7.912950039,,5.730899811,,4.914299965,,2.621340036,,2.733819962,,0.78362,,1.035189986,,1.314319968,,1.18366003,[foot]‡[/foot],1.866240025,,2.593159914,,3.031480074,,5.056119919,,5.33299017,,5.562250137,,5.491449833,,3.300199986,,2.386130095,,0.181099996,,0.04975,,,[foot]n[/foot],0.399729997,,0.431109995,,3.437400103,,4.538430214,,4.245739937,,2.963730097,,,
Curaçao,,,,,,,,,,,,,,,,,,,,,,,,,,,,,,,,,,,,,,,,,,,,,,,,,,,,,,,,,,,,,,,,,,,,,,,,,,,,,,,,,,,,,,,,,,,,,,,,,,
Cyprus,,,20.26725006,,21.62002945,,21.72455978,,22.35572052,,28.78115082,,31.00208092,,31.92057037,,31.14753914,,30.4267807,,31.26555061,,28.78539085,,32.06275177,,31.90210915,,31.62618065,,30.83481026,,26.19680977,,22.14406013,,20.66514015,,20.54033089,,21.17897034,,20.84754944,,22.6387291,,2.370549917,[foot]+[/foot],3.08336997,[foot]+[/foot],3.786999941,[foot]+[/foot],3.882719994,[foot]+[/foot],3.715229988,[foot]+[/foot],,,2.008739948,[foot]+[/foot],1.930029988,[foot]+[/foot],2.460400105,[foot]+[/foot],1.493059993,[foot]+[/foot],1.364760041,[foot]+[/foot],1.23980999,[foot]+[/foot],0.337960005,[foot]+[/foot],0.479809999,[foot]+[/foot],0.658159971,[foot]+[/foot],1.038759947,[foot]+[/foot],0.855260015,[foot]+[/foot],0.714900017,[foot]+[/foot],0.719910026,[foot]+[/foot],1.823650002,[foot]+[/foot],2.505630016,[foot]+[/foot],2.864710093,[foot]+[/foot],2.171659946,[foot]+[/foot],,,,,,
Czechia,,,,,,,,,,,,,,,,,,,,,,,,,,,,,,,,,,,,,,,,,,,,,,,,,,,,,,,,,,,,,,,,,,,,,,,,,,,,,,,,,,,,,,,,,,,,,,,,,,
Ivory Coast,,,,,,,,,,,,,,,51.22486115,,,,,,,,,,,,,,,,,,,,,,,,,,,,52.28363037,,51.92205048,,,,,,,,46.42375946,,45.28556824,,,,43.17179108,,44.06747055,,39.97153091,,39.79930878,,44.22077179,[foot]+[/foot],,,,,,,,,,,43.91886902,,,,,,,,30.63746071,,26.03492928,,22.29634094,,12.34941959,,10.99147034,,,
Denmark,,,,,,,,,,,,,,,,,,,,,,,4.525969982,,3.703649998,,1.999060035,,1.034719944,,1.222740054,,1.317379951,,1.139969945,,1.02452004,,2.201230049,,2.314919949,,1.745820045,,2.568490028,,3.039969921,,1.311579943,,1.721850038,,1.851240039,,,,0.55716002,,2.050869942,,1.894170046,,0.153070003,,0.139349997,,,,1.741549969,,3.845040083,,3.497580051,,2.949970007,,3.489650011,,3.570489883,,3.730479956,,2.248270035,,1.761190057,,1.349259973,,1.634950042,,1.306229949,,0.979099989,,,,,
Djibouti,,,,,,,,,,,,,,,,,,,,,,,,,,,,,,,74.86109161,,73.28964233,,73.1062088,,73.22953796,,73.2661438,,72.80281067,,72.73809814,,71.53885651,,73.78929138,,72.91416931,,71.85733795,,71.88729095,,72.96263123,,,,73.14060974,,72.96666718,[foot]‡[/foot],70.28645325,,68.64727783,[foot]‡[/foot],,,64.66967773,[foot]‡[/foot],63.12189865,,60.11035156,,56.7195015,[foot]‡[/foot],53.44060135,,54.20690918,[foot]‡[/foot],,,45.98804855,,,,45.86841965,,38.05643082,,44.40726089,,47.57809067,,40.92721939,,,
Dominica,,,,,,,,,,,1.486500025,,7.108880043,,7.465219975,,,,13.17700005,,14.04811001,,15.65194035,,12.30945969,,,,,,,,,,,,,,,,,,,,,,,,,,,,,,,,,,,,1.586599946,,2.704679966,,1.293380022,,1.996829987,,1.555040002,[foot]‡[/foot],4.464099884,[foot]‡[/foot],6.196350098,,10.74847031,[foot]‡[/foot],10.32563019,,2.824790001,,,,,,,,,,,,,,1.797950029,,,,,
Dominican Republic,,,,,25.72283936,,,,,,,,,,,,,,,,,,,,,,,,,,,,,,,,,,,,,,,,,,,,,,,,,,,,,,16.1050396,,15.16604042,,,,9.423800468,,12.46872997,,17.51849937,[foot]‡[/foot],15.88745975,,17.42804909,[foot]‡[/foot],11.28470039,,14.83349991,,5.057109833,,7.847760201,,8.774609566,,10.68052006,,11.89315033,,14.20244026,,11.25222969,,12.23060989,,,,,
Ecuador,,,20.2421608,,,,19.55854988,,18.57613945,,19.19175911,,18.72238922,,15.58230019,,13.6999197,,10.53065968,,11.92566967,,,,,,,,,,,,,,,,,,,,,,,,,,,,7.711369991,,7.347750187,,6.307690144,,3.927850008,,3.540440083,[foot]‡[/foot],3.738699913,,3.005199909,,1.431689978,,0.632459998,,0.688769996,,,,0.623449981,,0.544570029,,0.631659985,,,,2.759799957,,3.234430075,,2.981600046,,3.263740063,,3.576109886,,1.916020036,,2.035249949,,1.807369947,,2.097090006,,,
Egypt,,,36.26667023,,35.88565826,,36.06407928,,,,,,,,,,34.43455887,,,,,,,,,,,,,,,,,,,,,,,,,,,,,,,,15.06567001,,,,,,14.23871994,,,,16.07942963,[foot]‡[/foot],13.94845963,[foot]‡[/foot],12.47929955,[foot]‡[/foot],11.02027035,[foot]‡[/foot],9.243390083,[foot]‡[/foot],7.03606987,[foot]‡[/foot],6.451889992,[foot]‡[/foot],8.285229683,[foot]‡[/foot],2.846120119,[foot]‡[/foot],,,1.892650008,[foot]‡[/foot],1.016870022,[foot]‡[/foot],4.700749874,[foot]‡[/foot],3.129309893,[foot]‡[/foot],,,3.280240059,,,,1.361009955,,1.414459944,,,
El Salvador,35.10919952,,,,,,,,,,,,,,,,,,,,,,,,,,,,,,,,,,,,,,,,,,,,,,,,,,,,,,,,17.70305061,[foot]‡[/foot],,,8.688850403,[foot]‡[/foot],8.231349945,,6.534379959,[foot]‡[/foot],6.526309967,[foot]‡[/foot],,,3.440870047,[foot]‡[/foot],3.509579897,,4.170320034,,4.048719883,,4.002019882,,3.871059895,,4.145410061,,5.043910027,,7.922520161,,10.43632984,,12.99779987,,14.46539974,,18.70055008,,,
Equatorial Guinea,,,,,,,,,,,,,,,,,,,,,,,,,,,,,,,,,,,,,,,,,,,,,,,,,36.69057846,,,,,,,,,,,,35.15739822,,28.45593071,[foot]‡[/foot],30.78532982,,32.88217163,[foot]‡[/foot],,,,,,,,,53.24423981,,54.4490509,,55.2181015,,54.18397903,,52.84690094,,,,,,55.79605865,,,,,,,
Eritrea,,,,,,,,,,,,,,,,,,,,,,,,,,,,,,,,,,,,,,,,,,,,,78.78859711,,,,75.7326889,,74.5630188,,72.84900665,,72.40448761,,,,66.61167145,,61.03932953,,58.65755844,,53.04647064,,47.914711,,44.96905136,,43.27507019,,43.9881897,,49.07785034,,52.65156937,,56.15636826,[foot]‡[/foot],58.55506897,,56.03593826,,53.75172043,,55.82244873,,55.72674942,,57.36471176,,,,62.28377914,,,
Estonia,,,,,,,,,,,,,,,,,,,,,,,,,,,,,,,,,,,,,,,,,,,,,,,,,,,12.96547985,,9.390480042,,,,0.778419971,,0.858709991,,1.043310046,,1.109660029,,1.147439957,,2.762700081,,3.711359978,,3.888580084,,4.313670158,,3.227950096,,3.722039938,,3.904289961,,0.898829997,,0.357980013,,0.398160011,,1.703449965,,5.810369968,,6.433690071,,6.314350128,,,,,
Eswatini,44.22777939,,44.31110001,,42.34688187,,39.46767044,,38.47113037,,36.0856514,,35.06692123,,33.78308868,,33.34906006,,32.30591965,,30.15757942,,27.15468025,,27.19267082,,28.06747055,,27.61857033,,26.04460907,,27.17551994,,26.67102051,,27.06661034,,27.61462975,,25.65423965,,25.49039078,[foot]‡[/foot],24.76984024,,26.20183945,,25.7949791,,24.89892006,,27.26715088,,,,,,,,,,,,,,,,,,,,,,,,,,25.68707085,,20.46726036,,19.49718094,,20.5544796,[foot]‡[/foot],23.79079056,[foot]‡[/foot],22.86635971,[foot]‡[/foot],23.71850014,[foot]‡[/foot],24.14533997,,,,,
Ethiopia,,,,,,,,,,,,,,,,,,,,,,,,,,,,,,,,,,,70.65046692,,70.09474182,,71.36549377,,,,,,,,,,80.89460754,,78.15466309,,73.9337616,,,,66.49954987,,64.00772095,,59.93157959,[foot]‡[/foot],55.66910934,[foot]‡[/foot],53.43516922,[foot]‡[/foot],52.64749146,,49.77120972,,38.84280014,,34.1634903,,28.99496078,,23.36536026,,23.79977036,,25.7117691,,21.74994087,[foot]‡[/foot],20.5098896,[foot]‡[/foot],,,13.68305016,[foot]‡[/foot],13.98097038,[foot]‡[/foot],,,,,,
Faeroe Islands,,,,,,,,,,,,,,,,,,,,,,,,,,,,,,,,,,,,,,,,,,,,,,,,,,,,,,,,,,,,,,,,,,,,,,,,,,,,,,,,,,,,,,,,,,,,,,,,,,
Falkland Islands,,,,,,,,,,,,,,,,,,,,,,,,,,,,,,,,,,,,,,,,,,,,,,,,,,,,,,,,,,,,,,,,,,,,,,,,,,,,,,,,,,,,,,,,,,,,,,,,,,
Fiji,,,,,,,,,,,,,,,,,,,,,,,,,,,,,,,,,,,,,,,,,,,,,3.349159956,,,,2.997060061,,4.505420208,,6.853509903,,6.428890228,,5.453020096,,5.750870228,,5.13835001,[foot]‡[/foot],2.06317997,,0.78482002,[foot]‡[/foot],0.699840009,,0.845390022,,,,0.873790026,,0.384310007,,0.672450006,,0.623529971,,,,0.960160017,,1.312600017,,2.879149914,,,,1.970610023,,0.068099998,,,,,
Finland,,,,,18.85861969,,,,,,,,,,,,,,2.9677701,,,,,,,,,,,,,,,,,,,,,,,,,,,,1.246289968,,1.362079978,,1.685230017,,1.632470012,,1.285150051,,0.517470002,[foot]‡[/foot],0.161740005,,0.264569998,,0.243550003,,0.604740024,,1.320729971,,2.255079985,,2.654390097,,3.188930035,,2.586889982,,2.145679951,,1.983749986,,1.689210057,,1.425549984,,0.886629999,,0.880729973,,0.569490016,,0.807569981,,0.876510024,,,,,
France,,,2.854820013,,2.742419958,,2.517649889,,2.072979927,,,,2.473740101,,2.237270117,,,,0.120860003,,0.247920007,,,[foot]n[/foot],1.410570025,,3.739300013,,,,4.499899864,,1.757779956,,0.125310004,,0.19032,,,,0.03867,,0.045919999,,0.38448,,1.907510042,,2.116859913,,1.188159943,,0.268150002,,0.419079989,,,,0.300889999,,3.813679934,[foot]+[/foot],3.906529903,[foot]+[/foot],3.95472002,[foot]+[/foot],4.177730083,[foot]+[/foot],4.212190151,[foot]+[/foot],0.76898998,[foot]+[/foot],0.737649977,[foot]+[/foot],0.817640007,[foot]+[/foot],1.254619956,[foot]+[/foot],1.614760041,[foot]+[/foot],1.98021996,[foot]+[/foot],0.96272999,[foot]+[/foot],1.08378005,[foot]+[/foot],1.088479996,[foot]+[/foot],1.049469948,[foot]+[/foot],1.015939951,[foot]+[/foot],0.890850008,[foot]+[/foot],,,,
French Guiana,,,,,,,,,,,,,,,,,,,,,,,,,,,,,,,,,,,,,,,,,,,,,,,,,,,,,,,,,,,,,,,,,,,,,,,,,,,,,,,,,,,,,,,,,,,,,,,,,,
French Polynesia,,,,,,,,,,,,,,,,,,,,,,,,,,,,,,,,,,,,,,,,,,,,,,,,,,,,,,,,,,,,,,,,,,,,,,,,,,,,,,,,,,,,,,,,,,,,,,,,,,
Gabon,,,,,,,,,,,0.751349986,,,,,,,,,,,,,,,,,,,,,,,,,,,,,,,,,,,,,,,,,,,,8.733819962,,,,,,,,,,,,,,,,,,,,,,,,,,,,,,,,,,,,,,,,,,,
Gambia,,,75.93412018,,76.69893646,,75.72094727,,75.5064621,,74.56365204,,73.26989746,,68.97569275,,66.05101013,,62.48836136,,57.9759903,,49.33256149,,45.73400116,,42.51290894,,40.90850067,,38.32931137,,38.92855072,,,,,,,,52.2066803,,,,54.00204086,,50.69173813,,,,,,40.59341049,,,,36.60554886,,25.07605934,,27.45684052,,26.55783081,,28.66123962,,25.00729942,,24.8956604,,27.76279068,,23.40752983,,23.68247986,[foot]‡[/foot],28.06529045,,,,30.01287079,,30.14356995,,27.74346924,,31.72801018,,28.96471977,,25.97373009,,23.88953018,,21.37181091,,,
Georgia,,,,,,,,,,,,,,,,,,,,,,,,,,,,,,,,,,,,,,,,,,,,,,,,,,,17.46814919,,17.58161926,,16.27763939,,,,,,,,,,,,,,13.18138027,[foot]‡[/foot],14.21543026,[foot]‡[/foot],12.18418026,,6.108550072,,4.393929958,,4.995580196,,,,3.740099907,,1.968989968,,0.338789999,,0.253259987,,0.380950004,,0.374080002,,0.738680005,,,
Germany,,,,,,,,,,,,,,,,,,,,,,,,,,,,,,,,,,,,,,,,,,,,,,,,,,,,,,,,,,,0.181429997,[foot]‡[/foot],,,0.05937,[foot]‡[/foot],0.22913,[foot]‡[/foot],0.440329999,[foot]‡[/foot],0.112279996,[foot]‡[/foot],0.134499997,[foot]‡[/foot],0.2271,[foot]‡[/foot],0.070409998,[foot]‡[/foot],0.260120004,[foot]‡[/foot],0.326620013,[foot]‡[/foot],0.317869991,[foot]‡[/foot],0.32870999,[foot]‡[/foot],0.432029992,[foot]‡[/foot],0.185179994,[foot]‡[/foot],0.169310004,[foot]‡[/foot],0.189539999,[foot]‡[/foot],0.218140006,[foot]‡[/foot],,,,
Ghana,,,,,,,,,,,,,,,,,,,,,,,,,,,,,,,,,,,,,,,,,,,,,,,,,,,,,,,,,,,37.85391998,[foot]‡[/foot],34.25057983,[foot]‡[/foot],39.67987061,[foot]‡[/foot],37.18906021,[foot]‡[/foot],38.55052185,,,,34.73109055,,35.78812027,,30.18541908,,25.05862045,,26.26654053,[foot]‡[/foot],,,18.02519035,[foot]‡[/foot],19.06628036,[foot]‡[/foot],14.15155029,,11.60904026,,9.886429787,,13.29897022,,14.85533047,,,
Gibraltar,,,,,,,,,,,,,,,,,,,,,,,,,,,,,,,,,,,,,,,,,,,,,,,,,,,,,,,,,,,,,,,,,,,,,,,,,,,,,,,,,,,,,,,,,,,,,,,,,,
Greece,,,8.076600075,,7.62045002,,6.496990204,,4.893700123,,4.531439781,,4.337580204,,4.903570175,,5.623529911,,6.609899998,,8.268179893,,6.771850109,,6.554810047,,5.708250046,,5.769839764,,5.885900021,,6.787879944,,9.017000198,,8.237839699,,8.740380287,,9.005129814,,9.268710136,,11.01436043,,12.85027981,,13.52250957,,12.39599991,,13.22010994,,12.65470982,,5.936639786,,5.399509907,,4.17633009,,5.352389812,,5.139220238,,5.091440201,,5.405069828,,6.48898983,,7.054069996,,7.1803298,,,,,,6.090390205,,5.795969963,,5.490049839,,6.06716013,,7.333429813,,6.423379898,,7.093820095,,,,,
Greenland,,,,,,,,,,,,,,,,,,,,,,,,,,,,,,,,,,,,,,,,,,,,,,,,,,,,,,,,,,,,,,,,,,,,,,,,,,,,,,,,,,,,,,,,,,,,,,,,,,
Grenada,,,,,16.22624016,,,,,,,,,,2.363470078,,1.203179955,,1.483929992,,4.11864996,,8.83493042,,11.94262028,,11.91701031,,9.460109711,,,,,,,,,,,,,,,,,,,,,,,,,,,,,,0.00857,[foot]‡[/foot],,,,,3.714669943,,,,1.479679942,,9.321860313,[foot]‡[/foot],,,6.575530052,[foot]‡[/foot],4.216350079,[foot]‡[/foot],2.525949955,,,,,,,,1.588089943,,2.667840004,,2.228149891,,3.157890081,,,,,
Guadeloupe,,,,,,,,,,,,,,,,,,,,,,,,,,,,,,,,,,,,,,,,,,,,,,,,,,,,,,,,,,,,,,,,,,,,,,,,,,,,,,,,,,,,,,,,,,,,,,,,,,
Guam,,,,,,,,,,,,,,,,,,,,,,,,,,,,,,,,,,,,,,,,,,,,,,,,,,,,,,,,,,,,,,,,,,,,,,,,,,,,,,,,,,,,,,,,,,,,,,,,,,
Guatemala,54.04748917,,52.8793602,,52.15969849,,,,50.88201141,,49.89709091,,,,,,47.68299866,,47.18093872,,45.35076141,,42.46268082,,45.35097122,,41.82315826,,,,,,,,,,,,,,,,,,,,,,,,,,,,28.96686935,,,,19.20684052,[foot]‡[/foot],16.4547596,,17.22438049,[foot]‡[/foot],13.94044018,,,,9.286359787,[foot]‡[/foot],7.719860077,[foot]‡[/foot],6.086510181,[foot]‡[/foot],4.948390007,,4.956510067,,2.004270077,,2.589519978,,4.850560188,,7.770699978,,10.05865002,,11.90431976,,12.19332981,,12.79835033,,,,,
Guinea,,,,,,,,,,,,,,,,,,,,,,,,,,,,,72.06375885,,69.05114746,,71.42726135,,73.64021301,,72.71540833,,72.97271729,,73.97345734,,72.20879364,[foot]‡[/foot],,,,,,,,,,,,,60.63103867,,58.16577911,,55.05778122,,51.60771942,,44.28567123,,40.80533981,,37.75326157,,35.70960999,,33.43412018,,31.36613083,,32.24536133,[foot]‡[/foot],30.77393913,,28.33245087,,24.16486931,,24.56406975,,23.4300499,,19.70051003,,,,21.14356995,,,,,
Guinea-Bissau,,,,,,,,,,,,,,,,,,,,,,,56.41799927,[foot]‡[/foot],47.74840164,,,,50.8535614,,51.40999985,,,,60.16350937,,61.60522079,,,,,,,,,,,,,,,,,,,,,,,,52.3279686,,,,,,,,,,,,,,,,,,,,28.07352066,,,,,,,,,,,,,,,,,
Guyana,,,13.1424799,,11.94227982,,,,9.467140198,,,,13.10661983,,8.244850159,,,,11.31956959,,,,,,11.12327957,,,,,,,,,,,,,,,,,,8.127090454,,10.32989979,,11.87565994,,,,10.03454971,,11.56291962,,,,,,,,,,,,,,10.58411026,,,,,,,,,,2.677390099,[foot]‡[/foot],7.700510025,[foot]‡[/foot],4.107480049,,2.276390076,[foot]‡[/foot],4.37567997,,,,,,,,,,,,,
Haiti,,,,,,,,,,,,,,,,,,,,,64.10170746,,63.04320908,,57.55212021,,53.2002182,,56.42036819,,51.2085495,,48.89641953,,57.56465149,,,,,,,,,,,,,,,,,,,,42.66265106,,,,,,,,,,,,,,,,,,,,,,,,,,,,,,,,,,,,,,,,,,,
Holy See,,[foot]a[/foot],,[foot]a[/foot],,[foot]a[/foot],,[foot]a[/foot],,[foot]a[/foot],,[foot]a[/foot],,[foot]a[/foot],,[foot]a[/foot],,[foot]a[/foot],,[foot]a[/foot],,[foot]a[/foot],,[foot]a[/foot],,[foot]a[/foot],,[foot]a[/foot],,[foot]a[/foot],,[foot]a[/foot],,[foot]a[/foot],,[foot]a[/foot],,[foot]a[/foot],,[foot]a[/foot],,[foot]a[/foot],,[foot]a[/foot],,[foot]a[/foot],,[foot]a[/foot],,[foot]a[/foot],,[foot]a[/foot],,[foot]a[/foot],,[foot]a[/foot],,[foot]a[/foot],,[foot]a[/foot],,[foot]a[/foot],,[foot]a[/foot],,[foot]a[/foot],,[foot]a[/foot],,[foot]a[/foot],,[foot]a[/foot],,[foot]a[/foot],,[foot]a[/foot],,[foot]a[/foot],,[foot]a[/foot],,[foot]a[/foot],,[foot]a[/foot],,[foot]a[/foot],,[foot]a[/foot],,[foot]a[/foot],,[foot]a[/foot],,[foot]a[/foot],,[foot]a[/foot],,[foot]a[/foot]
Honduras,,,,,,,,,,,,,,,,,28.18092918,,24.80883026,,24.36811066,,,,14.19379044,,12.68188953,,11.69293976,,,,11.85962963,,,,,,,,,,13.74759007,,,,12.43807983,,,,,,,,,,,,,,14.45355988,,,,,,11.28530025,[foot]‡[/foot],9.73458004,[foot]‡[/foot],13.78166962,[foot]‡[/foot],8.494979858,[foot]‡[/foot],14.10527039,,10.42072964,,11.59482956,,11.50627041,,10.76615047,,14.16711998,,17.14100075,,17.30831909,,18.66254044,,16.93541908,,16.2885704,,,
Hungary,,,,,,,,,,,,,,,,,,,,,,,,,,,,,,,,,,,,,,,,,,,,,,,,,8.46391964,,9.503069878,,21.58426094,,13.00642014,,4.037700176,,3.89786005,,3.430459976,,3.06366992,,2.956589937,,4.0792799,,4.441090107,,3.652329922,,3.040030003,,3.85145998,,2.989300013,,2.500869989,,2.732310057,,3.377949953,,3.87729001,,4.037380219,,3.819279909,,3.645149946,,3.138520002,,,,,
Iceland,,,,,,,,,,,,,,,0.870100021,,,,,,,,,,,,,,,,,,,,,,,,,,,,,,,,,,2.663350105,,,,2.010200024,,1.521510005,,0.482749999,,1.109889984,,1.084229946,,0.743960023,,0.712650001,,1.714609981,,3.378779888,,3.17475009,,2.677370071,,1.859339952,,0.772189975,,0.310790002,,0.722079992,,1.211979985,,1.748110056,,1.881160021,,1.780259967,,1.361600041,,0.481810004,,,,,
India,,,38.64202881,,,,,,,,,,,,,,,,,,,,,,,,,,,,,,,,,,,,,,22.49971008,,,,,,,,,,,,,,,,,,,,15.83298016,[foot]‡[/foot],15.90662003,[foot]‡[/foot],16.10087967,[foot]‡[/foot],11.26904011,[foot]‡[/foot],,,,,,,3.019560099,[foot]‡[/foot],2.998719931,[foot]‡[/foot],4.340960026,,3.793400049,,4.230010033,,3.00229001,[foot]‡[/foot],2.26996994,[foot]‡[/foot],,,,,,,,,,
Indonesia,,,29.93498039,,28.79409027,,,,29.07925987,,26.64039993,,23.72417068,,21.3282299,,14.54514027,,,,,,9.865240097,,3.966969967,,2.576410055,,2.28895998,,2.171639919,,2.778490067,,1.901379943,,2.227509975,,2.073329926,,3.71965003,,4.62665987,,5.482049942,,6.686049938,,6.158269882,,6.342189789,,7.443019867,,7.496379852,,,,,,,,3.8348701,,4.574170113,,5.111710072,,5.883490086,,6.850029945,[foot]‡[/foot],5.520860195,,3.099220037,,3.675349951,,2.592900038,,1.948160052,,2.445270061,,4.005300045,,6.898250103,,7.997779846,[foot]‡[/foot],,,8.288769722,,7.265399933,,,
Iran,,,40.65753937,,,,,,,,,,,,,,,,,,,,,,,,,,16.85272026,,16.71051025,,15.75702953,,15.32040024,,14.33279991,,13.7573204,,7.485770226,,,,3.702490091,,,,,,,,,,6.825300217,,,,14.4610796,[foot]‡[/foot],15.12625027,[foot]‡[/foot],,,6.598559856,,7.195859909,,4.16339016,[foot]‡[/foot],4.377260208,[foot]‡[/foot],1.208789945,[foot]‡[/foot],1.01978004,[foot]‡[/foot],,,0.421240002,,0.316460013,,0.169569999,,0.35086,[foot]+[/foot],1.364709973,,0.451579988,,0.585560024,,,,,,,
Iraq,,,42.87905121,,40.3264389,,37.72008133,,35.27624893,,35.47990036,,27.46878052,,26.17134094,,24.54953957,,10.03812027,,6.490920067,,7.271150112,,,,11.60239983,,,,12.57977009,,11.89920998,,10.15196037,,9.11054039,,10.27414989,,,,,,,,21.95684052,,,,,,24.29519081,,,,,,10.34469032,,11.44688988,,,,,,5.74063015,[foot]‡[/foot],7.006010056,,,,,,7.677909851,[foot]‡[/foot],,,,,,,,,,,,,,,,,,,,,,
Ireland,,,5.255109787,,6.504380226,,6.317289829,,6.976099968,,6.312650204,,5.061079979,,4.140679836,,3.903640032,,4.941730022,,6.884419918,,9.600440025,,12.19396019,,14.05976009,,,,,,15.2783699,,14.4650898,,13.36763,,12.71537971,,12.18173027,,12.59442997,,13.34951019,,13.6008997,,13.4867897,,13.2062397,,12.46872044,,,,0.609059989,,0.189740002,,0.040830001,[foot]+[/foot],0.182830006,[foot]+[/foot],0.219579995,[foot]+[/foot],0.01902,[foot]+[/foot],0.091940001,[foot]+[/foot],0.258520007,[foot]+[/foot],0.117339998,[foot]+[/foot],0.175040007,[foot]+[/foot],0.074450001,[foot]+[/foot],0.02636,[foot]+[/foot],0.215849996,[foot]+[/foot],2.472759962,[foot]‡[/foot],0.247989997,[foot]+[/foot],0.455330014,[foot]‡[/foot],0.413239986,[foot]+[/foot],0.049380001,[foot]+[/foot],0.02984,[foot]+[/foot],,,,
Isle of Man,,,,,,,,,,,,,,,,,,,,,,,,,,,,,,,,,,,,,,,,,,,,,,,,,,,,,,,,,,,,,,,,,,,,,,,,,,,,,,,,,,,,,,,,,,,,,,,,,,
Israel,,,,,,,,,,,,,,,,,,,,,,,,,,,,,,,,,,,,,,,,,,,,,,,,,,,,,,,,,,,2.396369934,,2.149600029,,1.688930035,,2.010519981,,1.921959996,,2.341320038,,2.453799963,,2.931430101,,2.702539921,,2.730979919,,3.031610012,,2.617419958,,2.984420061,,2.33555007,,2.740350008,,2.940749884,,2.443310022,,2.947419882,,,,,
Italy,,,,,,,0.508140028,,,,,,1.737810016,,,,,,0.587000012,,,,,,,,,,,,1.056810021,,,,,,,,,,,,,,,,,,,,2.981950045,,1.891450047,,1.165189981,,,,0.086829998,,0.248620003,,0.333200008,,0.418119997,,0.462700009,,0.656599998,,0.695339978,,0.784919977,,0.840960026,,0.897019982,,0.85453999,,0.749059975,,1.009989977,,0.686699986,,0.547999978,,0.667779982,,0.958429992,,1.387809992,,,,,
Jamaica,,,,,,,,,,,4.853879929,,7.498069763,,7.023119926,,,,3.506259918,,3.489860058,,3.58946991,,,,2.542949915,,3.748070002,,4.496729851,,4.289259911,,2.238790035,,5.363540173,,1.901859999,,2.635370016,,4.269320011,,,,7.333350182,,,,,,,,,,,,8.614560127,[foot]‡[/foot],7.151100159,[foot]‡[/foot],7.465799809,,8.220959663,,9.46780014,,7.700870037,,,,,,,,,,,,,,,,,,,,,,,,,,,,,
Japan,,,0.68355,,1.148839951,,1.678820014,,3.301549911,,2.224459887,,1.272510052,,0.832350016,,1.265020013,,1.030439973,,0.061159998,,0.457049996,,1.424630046,,1.754469991,,1.551349998,,0.63714999,,0.124470003,,0.130970001,,0.144189999,,0.154280007,,0.187790006,,0.702080011,,1.048949957,,,,0.484899998,,0.240789995,,,,,,1.962409973,,2.209249973,,2.229069948,,2.066999912,,1.2852,,0.712769985,,0.226750001,,0.268119991,,0.295850009,,0.272320002,,0.234500006,,0.197280005,,0.649429977,[foot]+[/foot],0.819389999,[foot]+[/foot],1.065999985,[foot]+[/foot],1.363010049,[foot]+[/foot],1.71487999,[foot]+[/foot],1.20006001,,1.764840007,,,,,
Jordan,,,,,13.06739998,,7.563920021,,5.355060101,,4.973470211,,4.322370052,,3.458060026,,2.491470098,,2.918250084,,8.174489975,,10.30865955,,10.58631039,,13.24104977,,13.47653961,,12.67208004,,,,,,,,,,,,,,,,,,,,,,,,,,,,8.975859642,[foot]‡[/foot],7.855639935,,,,5.381790161,,4.074220181,,4.004920006,,,,,,,,,,,,,,,,,,,,,,,,,,,,,
Kazakhstan,,,,,,,,,,,,,,,,,,,,,,,,,,,,,,,,,,,,,,,,,,,,,,,,,,,,,,,,,,,,,6.51488018,[foot]‡[/foot],3.398869991,[foot]‡[/foot],2.276659966,[foot]‡[/foot],1.988059998,[foot]‡[/foot],1.721680045,[foot]‡[/foot],1.542029977,[foot]‡[/foot],2.391639948,,2.51899004,[foot]‡[/foot],1.107149959,[foot]‡[/foot],0.565689981,[foot]‡[/foot],0.376239985,,0.784009993,,0.643480003,,0.668330014,,0.558899999,,0.154630005,,0.279240012,,0.89655,,,
Kenya,,,,,,,,,,,,,,,,,,,,,,,,,,,,,,,,,,,,,,,,,,,,,,,,,,,,,,,,,,,37.34500122,[foot]‡[/foot],34.52326965,[foot]‡[/foot],33.34857941,[foot]‡[/foot],38.68672943,,27.34416008,,29.11091995,,28.30496979,,29.10614967,,18.99103928,[foot]‡[/foot],22.74630928,[foot]‡[/foot],21.12855911,[foot]‡[/foot],,,,,16.88095093,[foot]‡[/foot],,,,,,,,,,,,
Kiribati,,,,,,,,,,,,,,,,,,,1.301489949,,,,0.281370014,,,,0.649730027,,0.560310006,,1.157610059,,2.525300026,,5.556529999,,,,1.546139956,,,,0.241400003,,0.089709997,,1.132760048,,0.988889992,,1.697970033,,1.713179946,,0.867150009,,,,,,,,,,,,,,,,,,,,,,,,,,,,,,,,,,2.350419998,,3.130340099,,1.865800023,,3.455499887,,,
"Korea, DPR",,,,,,,,,,,,,,,,,,,,,,,,,,,,,,,,,,,,,,,,,,,,,,,,,,,,,,,,,,,,,,,,,,,,,,,,,,,,,,,3.379479885,,,,,,,,,,,,,,,,,,,
"Korea, Rep.",,,4.089799881,,2.475280046,,3.223870039,,3.596070051,,3.262290001,,2.360379934,,3.268290043,,2.932120085,,1.296730042,,0.052949999,,0.069990002,,0.206239998,,0.259770006,,0.852840006,,1.402909994,,1.690909982,,0.487690002,,0.114239998,,0.11473,,0.219579995,,0.256449997,,0.41821,,0.648859978,,0.997150004,,1.495020032,,1.771989942,,1.465620041,,2.069129944,,1.383329988,,0.80675,,1.81625998,,2.097899914,,1.313040018,,1.570340037,,0.314839989,,0.327080011,,0.306739986,,0.23127,,0.40794,,0.838,,1.09434998,,2.674949884,,5.549449921,,5.327589989,,2.65737009,,3.457180023,,,,,
Kuwait,,,39.04867172,,36.32746124,,32.93655014,,31.69050026,,30.41563034,,28.97167015,,24.26333046,,15.37296963,,17.06135941,,18.62907028,,17.73076057,,16.76947021,,14.22937012,,12.85464001,,11.22428989,,11.40972996,,16.62290955,,18.15850067,,,,,,,,53.01350021,,,,32.12117004,,,,11.0269804,,11.49020004,,5.109039783,,5.654630184,,9.00191021,[foot]‡[/foot],9.414230347,[foot]‡[/foot],6.820829868,,7.254970074,,5.592189789,,7.635079861,,,,2.221649885,,1.198109984,,,,1.308570027,,0.899919987,,1.62767005,,2.532170057,,2.620340109,,2.408440113,,3.263819933,,6.804729939,,,
Kyrgyzstan,,,,,,,,,,,,,,,,,,,,,,,,,,,,,,,,,,,,,,,,,,,,,,,,,,,,,7.756370068,,,,,,6.704730034,[foot]‡[/foot],7.255760193,[foot]‡[/foot],6.449150085,[foot]‡[/foot],6.461709976,[foot]‡[/foot],6.697850227,[foot]‡[/foot],2.104720116,[foot]‡[/foot],4.438340187,,3.212490082,,4.237420082,,4.808509827,[foot]‡[/foot],5.541550159,,4.90557003,,5.103809834,,1.577270031,,1.577710032,[foot]‡[/foot],1.905560017,,1.914800048,,1.529839993,,1.458089948,,,
Laos,,,,,,,,,,,,,,,,,,,,,,,,,,,,,,,,,,,,,35.05453873,,,,35.33388901,,,,42.09045029,,37.28660965,,33.57022095,,,,31.62851906,,29.13361931,,25.84214973,,25.21574974,,24.35190964,,24.86989021,,23.69922066,,21.08114052,,20.35918999,,19.03063965,,17.43433952,,14.76109982,,12.2700901,,9.901639938,,5.239490032,,5.287169933,,5.255680084,,3.232229948,,2.807879925,,4.393400192,,5.27986002,,6.659259796,,,
Latvia,,,,,,,,,,,,,,,,,,,,,,,,,,,,,,,,,,,,,,,,,,,,,,,,,,,,,,,,,,,4.408470154,[foot]‡[/foot],,,,,,,,,,,,,,,,,1.395640016,[foot]+[/foot],2.309969902,[foot]+[/foot],2.035789967,[foot]+[/foot],2.031889915,[foot]+[/foot],2.818239927,[foot]+[/foot],3.255609989,[foot]+[/foot],3.541790009,[foot]+[/foot],3.512989998,[foot]+[/foot],3.207449913,[foot]+[/foot],,,,
Lebanon,,,,,,,,,2.138360023,,,,,,,,,,,,,,,,,,,,,,,,,,,,,,,,,,,,,,,,,,,,,,15.80461025,,0.206410006,,,,,,,,1.428820014,[foot]‡[/foot],2.291429996,[foot]‡[/foot],4.103730202,[foot]‡[/foot],8.319860458,[foot]‡[/foot],11.15034008,,10.22733974,,9.399330139,[foot]+[/foot],8.202039719,,6.6697402,,6.670889854,,9.727910042,[foot]‡[/foot],10.96444035,,16.08255005,,16.35075951,,15.64735031,,11.45685005,,,
Lesotho,39.97254181,,43.91249847,,43.27595901,,42.86328888,,34.93745041,,,,33.93003845,,32.9309082,,39.29711914,,38.00059891,,37.59204102,,37.31557083,,33.17670059,,33.73311996,,32.80648041,,30.40819931,,30.02820015,,28.20553017,,26.8538208,,27.49851036,,28.67609024,,27.15130043,,26.87829018,,29.29730034,,28.17353058,,29.29623032,,29.09093094,,,,37.13285065,,40.80595016,,20.13394928,,19.92318916,,19.47760963,,19.3781395,,21.75235939,,22.51390076,,22.21081924,,24.70952988,,23.61341095,,23.04064941,,21.01454926,,19.63422012,,18.39281082,,20.45615959,[foot]‡[/foot],19.84976959,[foot]‡[/foot],19.85487938,,19.48797989,,18.43497086,,,
Liberia,,,,,,,,,,,,,,,,,,,,,,,,,,,,,,,,,,,,,,,,,,,,,,,,,,,,,,,,,,,53.23733139,,,,,,,,,,,,,,64.79868317,,,,57.26425934,[foot]‡[/foot],59.73159027,,,,58.98152161,,,,,,61.78813934,,62.3167305,,63.24541092,,,,,
Libya,,,21.46995926,,13.57194996,,8.928150177,,6.659289837,,6.142089844,,4.602799892,,4.070859909,,6.686319828,,,,3.126179934,,3.235440016,,,,1.940219998,,,,,,,,,,,,,,,,,,,,,,,,,,,,,,,,,,,,,,,,,,,,,,,,,,,,,,,,,,,,,,,,,,,,,,,
Liechtenstein,,,,,,,,,,,,,,,,,,,,,,,,,,,,,,,,,,,,,,,,,,,,,,,,,,,,,,,,,,,,,,,,,,,0.771459997,[foot]+[/foot],0.568149984,[foot]‡[/foot],,,1.148329973,[foot]‡[/foot],1.097849965,[foot]‡[/foot],0.782400012,[foot]+[/foot],1.479599953,[foot]+[/foot],0.815079987,[foot]+[/foot],1.302760005,[foot]+[/foot],1.520709991,[foot]+[/foot],,,2.501329899,[foot]+[/foot],0.192330003,[foot]+[/foot],0.689209998,[foot]+[/foot],,,,
Lithuania,,,,,,,,,,,,,,,,,,,,,,,,,,,,,,,,,,,,,,,,,,,,,,,,,,,,,,,,,3.761290073,,3.567199945,,2.071919918,[foot]+[/foot],1.836560011,[foot]+[/foot],1.905310035,[foot]+[/foot],1.750249982,[foot]+[/foot],1.630929947,[foot]+[/foot],1.353729963,[foot]+[/foot],1.099269986,[foot]+[/foot],0.997449994,[foot]+[/foot],0.796130002,[foot]+[/foot],0.833109975,[foot]+[/foot],0.706059992,[foot]+[/foot],0.611119986,[foot]+[/foot],0.653119981,[foot]+[/foot],0.330119997,[foot]+[/foot],0.251599997,[foot]+[/foot],0.247679994,[foot]+[/foot],0.255270004,[foot]+[/foot],,,,
Luxembourg,,,,,8.860030174,,10.02707005,,7.806670189,,8.748270035,,9.111550331,,9.699170113,,10.06583977,,,,,,21.11038971,,15.62359047,,16.88994026,,18.27330017,,,,18.22244072,,21.40687943,,15.09957981,,,,,,,,,,,,,,,,,,,,,,2.658600092,,2.897079945,,3.259789944,,3.00067997,,4.121580124,[foot]‡[/foot],3.479020119,[foot]‡[/foot],2.242690086,,1.744040012,,1.639619946,,2.369250059,,,,4.713290215,,5.386219978,,4.381199837,,4.79542017,,4.039680004,,2.350359917,,1.200530052,,,,,
Madagascar,,,,,32.87572861,,,,,,,,,,,,,,,,,,,,,,,,,,,,,,,,,,34.29365921,,35.74510956,,,,,,,,,,45.28905106,,43.08023834,,,,,,35.07756042,,33.60887146,,32.34492874,,31.58210945,,21.91186905,,,,,,,,,,,,,,,,,,,,,,,,,,,,,,,
Malawi,,,,,,,,,,,,,,,,,,,,,,,,,,,,,,,,,,,,,,,,,,,,,,,,,,,,,,,,,,,4.521029949,,,,,,1.492799997,[foot]‡[/foot],,,2.741559982,,3.284240007,,4.776959896,,9.241979599,,3.033060074,,3.174809933,,,,,,,,,,,,,,,,,,,
Malaysia,12.97710991,,13.26035023,,12.23705959,,,,,,,,,,,,,,,,,,,,,,,,,,,,,,,,,,,,,,,,,,,,2.776870012,,,,,,,,4.261179924,,4.424990177,,1.625609994,,2.22942996,,3.467999935,,2.972709894,,0.667670012,,0.386000007,,4.423120022,,4.562839985,,4.477900028,,3.618180037,,3.297130108,,2.264209986,,0.702040017,,0.089699998,,0.372689992,,0.463629991,,1.086670041,,1.396860003,,,
Maldives,,,,,,,,,,,,,,,,,,,,,,,,,,,,,,,,,,,,,,,,,,,,,,,,,,,,,,,6.417479992,,,,4.121359825,,2.845040083,[foot]‡[/foot],1.756989956,,1.660650015,,,,0.502810001,[foot]‡[/foot],1.844949961,,2.184180021,,2.667000055,,4.331540108,,3.758029938,,,,,,,,,,,,3.511339903,,1.746170044,,0.490049988,,,
Mali,,,82.98519897,,82.3021698,,81.93106079,,79.4575882,,,,,,79.32814789,,,,,,,,,,,,,,,,,,,,,,,,,,,,,,,,,,,,,,,,,,,,56.03512955,[foot]‡[/foot],,,,,48.49531174,[foot]‡[/foot],48.52191925,[foot]‡[/foot],48.51298904,,43.47391891,,42.15205002,,40.00154114,,,,32.89057922,,31.82078934,,30.82579041,,33.03546906,,37.472229,,36.60646057,,39.43206024,,37.93404007,,32.74261093,,,
Malta,,,18.46480942,,19.55887985,,21.16283989,,20.40061951,,17.6527195,,12.35772991,,7.230659962,,3.651760101,,2.675930023,,5.041880131,,6.78373003,,6.922709942,,8.681289673,,7.763020039,,4.699130058,,5.293449879,,6.498310089,,6.477680206,,5.511720181,,4.379829884,,3.824520111,,3.623739958,,3.195329905,,4.347060204,,3.351510048,,1.630349994,,0.830420017,,,,,,,,,,,,,,,,,,,,,,,,,,,,1.789170027,,1.99011004,,0.59671998,,1.174630046,,1.51315999,,2.4302001,,,,,
Marshall Islands,,,,,,,,,,,,,,,,,,,,,,,,,,,,,,,,,,,,,,,,,,,,,,,,,,,,,,,,,,,,,,,,,1.966989994,,,,,,,,,,,,,,,,,,0.291799992,,,,,,,,21.59219933,,21.46632004,,,,,
Martinique,,,,,,,,,,,,,,,,,,,,,,,,,,,,,,,,,,,,,,,,,,,,,,,,,,,,,,,,,,,,,,,,,,,,,,,,,,,,,,,,,,,,,,,,,,,,,,,,,,
Mauritania,,,,,,,,,,,,,,,,,,,,,,,,,,,,,,,68.26096344,,,,,,,,,,,,,,,,,,53.13790894,,46.81987,,43.54851913,,,,40.13552856,,40.7456398,,40.56959152,[foot]‡[/foot],37.2314415,[foot]‡[/foot],37.87966919,[foot]‡[/foot],34.88064957,,28.06282043,,29.43202019,,26.94499969,,26.09427071,,29.51779938,[foot]‡[/foot],30.20195007,,29.81492996,[foot]‡[/foot],29.2899704,,30.40497017,,27.6752491,,25.55023956,,,,28.77062035,,23.39295959,,,
Mauritius,,,,,22.04796028,,21.51176071,,20.9219799,,19.94432068,,19.88759995,,16.40427017,,18.69610023,,21.3946991,,20.73942947,,17.42575073,,11.4886198,,8.36826992,,5.183110237,,0.091779999,,1.587190032,,0.350829989,,0.545050025,,0.672150016,,2.822700024,,7.377490044,,,,7.23706007,,6.261069775,,5.316820145,,3.018249989,,2.096359968,,4.120210171,,7.242440224,,6.772689819,,7.247809887,,5.665850163,,6.276080132,[foot]‡[/foot],5.609539986,,3.97991991,,3.96243,,3.485840082,,3.321929932,,3.413379908,,3.491309881,,3.251130104,,6.208079815,,3.913840055,,3.478349924,,3.723469973,,4.663360119,,3.817820072,,,
Mayotte,,,,,,,,,,,,,,,,,,,,,,,,,,,,,,,,,,,,,,,,,,,,,,,,,,,,,,,,,,,,,,,,,,,,,,,,,,,,,,,,,,,,,,,,,,,,,,,,,,
Mexico,,,20.52821922,,,,,,,,,,,,11.90684986,,,,,,,,,,,,,,,,5.744390011,,3.973150015,,3.135050058,,3.184540033,,5.025410175,,3.016940117,,3.282799959,,2.890429974,,3.008960009,,3.422600031,,3.57784009,,3.839020014,,4.256899834,,4.054190159,,1.090899944,[foot]‡[/foot],0.648500025,[foot]‡[/foot],0.60323,[foot]‡[/foot],0.56208998,,0.496309996,,1.110900044,,2.356349945,,3.329679966,,3.61461997,,3.660739899,,3.021519899,,2.146889925,,1.353189945,,1.044739962,,1.169479966,,1.225980043,,1.134619951,,1.014660001,,,,,
Micronesia,,,,,,,,,,,,,,,,,,,,,,,,,,,,,,,,,,,,,,,,,,,,,,,,,,,,,,,,,,,,,,,,,,,,,,,,,,,,,,,,,,,,,,,,,12.95121002,,15.99083042,,,,,,,
Monaco,,,,,,,,,,,,,,,,,,,,,,,,,,,,,,,,,,,,,,,,,,,,,,,,,,,,,,,,,,,,,,,,,,,,,,,,,,,,,,,,,,,,,,,,,,,,,,,,,,
Mongolia,,,,,,,,,,,,,,,,,,,,,3.516269922,,,,,,6.265180111,,,,,,,,5.554619789,,,,,,,,,,,,,,,,18.91869926,,15.36826992,,14.89256001,,11.18638039,,9.289589882,,7.139510155,,5.785900116,,6.865409851,,14.03684998,,7.162950039,,7.566939831,,2.512820005,,2.251719952,,1.835960031,,3.537199974,[foot]‡[/foot],2.355859995,[foot]‡[/foot],1.959869981,[foot]‡[/foot],2.487669945,[foot]‡[/foot],4.705609798,[foot]‡[/foot],4.202229977,[foot]‡[/foot],2.34465003,[foot]‡[/foot],1.27421999,[foot]‡[/foot],1.139569998,[foot]‡[/foot],,
Montenegro,,,,,,,,,,,,,,,,,,,,,,,,,,,,,,,,,,,,,,,,,,,,,,,,,,,,,,,,,,,,,,,,,,,2.657219887,,,,2.083450079,,1.537629962,,3.823640108,,3.973510027,,,,,,8.39206028,,3.719959974,,,,,,5.158880234,,6.182169914,,3.73526001,,,
Montserrat,,,,,,,,,,,,,,,,,,,,,,,,,,,,,,,,,,,,,,,,,,,,,,,,,,,,,,,,,,,,,,,,,,,,,0.547349989,[foot]+[/foot],1.795539975,[foot]+[/foot],0.650579989,[foot]‡[/foot],3.816740036,[foot]+[/foot],,,,,,,,,,,,,,,,,,,,,,
Morocco,,,63.13727188,,62.04214859,,61.68825912,,,,58.78881073,,55.86072159,,52.27629852,,49.01601028,,46.57693863,,43.92208099,,41.23511124,,40.8980484,,38.55775833,,36.05862045,,37.36156845,,39.12710953,,41.14136887,,42.85335922,,44.95318985,,44.1137085,,44.46652985,,43.96908188,,41.85070038,,39.25516129,,36.47774124,,34.21524048,,32.68283081,,33.46157837,,28.53294945,[foot]‡[/foot],23.72199059,[foot]‡[/foot],19.77528,[foot]‡[/foot],15.54397964,,14.18974972,[foot]‡[/foot],14.24946022,[foot]‡[/foot],13.12693024,,11.73435974,,10.37987041,,9.762490273,,10.18785,[foot]‡[/foot],7.376729965,[foot]‡[/foot],6.506750107,[foot]‡[/foot],7.222420216,[foot]‡[/foot],5.884429932,,6.511079788,,,,5.422890186,,3.143980026,,,
Mozambique,,,,,,,66.35948181,,,,,,,,,,,,62.9161911,,,,65.21560669,,65.53608704,,52.08187103,,,,49.31053925,,50.10731125,,53.47217941,,57.17858124,,56.69382858,,54.90544891,,56.55720139,,58.25452042,,59.30442047,,58.1935997,,55.93045044,,,,,,51.41574097,[foot]‡[/foot],47.95756912,[foot]‡[/foot],44.40309906,,40.16556931,,44.59083939,,,,31.9283905,,26.92798996,,23.12350082,,18.02968979,,14.66621017,,13.44077969,,11.95516968,,13.98956013,,13.66644955,,12.53573036,[foot]‡[/foot],11.86802959,,10.43369961,,11.39258957,,12.46284962,,,
Myanmar,,,36.29779816,,,,28.59790039,,38.29423141,,,,,,,,32.81071091,,,,,,,,,,,,,,,,,,,,,,,,,,,,,,,,,,,,,,,,,,,,7.807489872,,6.538219929,,8.654230118,,6.741129875,,8.209970474,,8.496159554,,8.825160027,,8.726590157,,8.302410126,,9.856280327,,10.42440033,,,,,,,,3.788609982,,,,,,2.287800074,,,
Namibia,,,,,,,,,,,,,,,,,,,,,,,,,,,,,,,,,,,,,,,20.88425064,,20.67182922,[foot]‡[/foot],,,17.22748947,,,,14.95973015,,14.28437042,,15.07174969,,14.19178009,,12.53349972,,12.37450981,,10.92142963,,10.24728966,,9.028510094,,9.325940132,,11.84803963,,11.93268013,,14.60369015,,12.2066803,,12.97183037,,13.1677599,,13.38298035,,,,11.52455997,,9.436989784,,,,,,,,2.181920052,,,
Nauru,,,,,,,,,,,,,,,,,,,,,,,,,,,,,,,,,,,,,,,,,,,,,,,,,,,,,,,,,,,,,,,,,,,,,,,,,,,,,,,,,,,,,23.06002998,[foot]+[/foot],,,12.73458004,[foot]+[/foot],,,15.57133961,[foot]+[/foot],,,,
Nepal,,,,,,,,,,,,,,,,,,,,,,,,,,,40.59331131,,39.38541031,,,,,,,,33.37216187,,,,,,,,,,,,,,,,,,,,,,33.60723114,[foot]+[/foot],27.3194294,[foot]‡[/foot],,,,,19.54409981,[foot]+[/foot],18.85300064,[foot]‡[/foot],,,,,,,,,,,,,1.554720044,,0.414609998,,,,5.674019814,,3.226619959,,3.233380079,,5.163760185,,,
Netherlands,,,7.257199764,,7.892519951,,8.475239754,,9.225090027,,9.381679535,,8.464550018,,8.117919922,,7.643209934,,7.086430073,,6.984980106,,7.569660187,,9.594670296,,11.57059956,,12.89606953,,13.43764019,,7.947140217,,6.103640079,,4.55629015,,4.002500057,,4.179659843,,4.883100033,,5.841340065,,6.466869831,,1.038400054,,0.792900026,,0.61263001,,0.334589988,,,,,,,,,,,,,,,,,,,,,,,,,,,,,,,,,,,,,,,,,,,
New Caledonia,,,,,,,,,,,,,,,,,,,,,,,,,,,,,,,,,,,,,,,,,,,,,,,,,,,,,,,,,,,,,,,,,,,,,,,,,,,,,,,,,,,,,,,,,,,,,,,,,,
New Zealand,0.02929,,0.217769995,,0.099610001,,0.50266999,,0.559130013,,0.440160006,,0.335090011,,0.422259986,,0.556230009,,0.578410029,,0.526520014,,0.679139972,,0.788110018,,1.168879986,,0.490090013,,0.420419991,,0.239940003,,0.139789999,,0.107940003,,0.169670001,,0.479180008,,1.019819975,,2.449749947,,,,2.844789982,,1.487930059,,1.021160007,,0.241830006,,,,,,,,,,,,,,,,,,,,,,,,,,,,,,,,2.22597003,,2.517699957,,2.269690037,,1.477270007,,,,,
Nicaragua,47.58018112,,44.76605988,,44.97967911,,44.28274918,,44.38122177,,42.4803009,,41.25252914,,42.17863846,,44.21010971,,,,35.60293961,,,,37.00458145,,36.54553986,,38.04861832,,33.9305687,,35.05480957,,33.44532013,,33.22827148,,34.9561615,,32.48310089,,29.83761978,,26.4221096,,25.67650986,,24.77664948,,26.56558037,,27.28693962,,,,,,17.34108925,[foot]‡[/foot],14.06746006,,9.81717968,,2.572730064,,,,0.82656002,,0.637399971,,1.635050058,,1.892670035,,1.028669953,,,,1.589730024,,,,,,,,,,,,,,,,,
Niger,,,,,,,89.3914566,,88.86441803,,,,,,84.87492371,,83.85578156,,,,,,80.79586792,,,,,,,,,,76.66007996,,,,,,77.4315033,,77.1149292,,76.53089142,,78.59021759,,,,,,,,,,75.94818115,,75.60961914,,73.87644196,,73.13323975,,69.50971222,,65.90419006,,62.18360901,,58.68576813,,58.68854904,,57.37284851,[foot]‡[/foot],56.13240814,,52.71324921,,48.93883896,,44.88328934,,40.14099884,,38.71232986,,38.9895401,,38.94789124,,37.31430054,,36.20523834,[foot]‡[/foot],33.18410873,,,
Nigeria,,,,,,,,,,,,,,,,,,,,,,,,,,,,,,,,,,,,,,,,,,,,,,,,,,,,,,,,,,,36.92181015,[foot]‡[/foot],33.85491943,[foot]‡[/foot],,,,,,,32.10697937,[foot]‡[/foot],31.66444969,[foot]‡[/foot],31.20409966,[foot]‡[/foot],28.36269951,[foot]‡[/foot],35.13460922,[foot]‡[/foot],34.04478836,[foot]‡[/foot],34.0512085,[foot]‡[/foot],,,,,,,,,,,,,,,,
Niue,,,,,,,,,,,,,,,,,,,,,,,,,,,,,,,,,,,,,,,,,,,,,,,,,,,,,,,,,,,,,,,,,,,,,,,,,,,,,,,,,,,,,,,,,,,,,,,,,,
Northern Mariana Is,,,,,,,,,,,,,,,,,,,,,,,,,,,,,,,,,,,,,,,,,,,,,,,,,,,,,,,,,,,,,,,,,,,,,,,,,,,,,,,,,,,,,,,,,,,,,,,,,,
Norway,,,2.423569918,,1.867169976,,,,,,,,0.316729993,,0.362709999,,1.011440039,,1.359680057,,0.824660003,,1.614390016,,1.864089966,,,,2.639659882,,3.638390064,,3.605750084,,2.990279913,,2.35454011,,1.341779947,,0.269329995,,0.043310001,,0.352100015,,1.331940055,,1.603790045,,1.808789968,,1.735190034,,15.80854034,,0.264400005,,0.205459997,,0.294840008,,0.239659995,,0.273270011,,0.144260004,,0.647570014,,1.488499999,,1.404989958,,0.924179971,,0.737330019,,0.846170008,,0.920580029,,0.597590029,,0.310849994,,0.143270001,,0.168530002,,0.234109998,,0.193800002,,,,,
Oman,,,,,,,86.68923187,,81.11833191,,73.71037292,,72.75260162,,,,65.22123718,,62.19247818,,,,57.12009811,,54.51229858,,51.45310974,,45.04439926,,42.62976837,,36.77014923,,34.52904129,,35.17605972,,34.03416061,,32.83744049,,31.76656914,,30.40387917,,27.04320908,,25.79948997,,24.34534073,,21.7063694,,20.98088074,,18.82448006,,16.99531937,,16.04114914,,14.94338989,,14.94322968,,16.27224922,,,,,,,,,,,,2.292589903,,,,3.539139986,,2.468310118,,1.895750046,,2.119800091,[foot]‡[/foot],2.238270044,,1.45878005,,1.249950051,,,
Pakistan,,,,,,,,,,,,,,,,,,,,,,,,,,,,,,,,,,,,,,,,,,,,,,,,,,,,,,,,,,,,,,,,,41.09526825,[foot]‡[/foot],39.14973831,[foot]+[/foot],33.54407883,[foot]+[/foot],31.45808029,[foot]+[/foot],33.91799927,[foot]+[/foot],29.10960007,[foot]+[/foot],28.33322906,[foot]+[/foot],26.94170952,[foot]+[/foot],25.57805061,[foot]+[/foot],28.50517082,[foot]+[/foot],28.94140053,[foot]+[/foot],30.18535042,[foot]+[/foot],27.26782036,[foot]+[/foot],26.39393997,[foot]+[/foot],22.22314072,[foot]+[/foot],23.54969025,[foot]+[/foot],,
Palau,,,,,,,,,,,,,,,,,,,,,,,,,,,,,,,,,,,,,,,,,,,,,,,,,,,,,,,,,,,,,,,,,,,,,,,,,,,,,,,,,,,,,,,0.884959996,[foot]+[/foot],0.592589974,[foot]+[/foot],,,,,,,,
Palestine,,,,,,,,,,,,,,,,,,,,,,,,,,,,,,,,,,,,,,,,,,,,,,,,,,,,,,,,,,,9.646900177,,9.063779831,,10.89225006,,11.05955029,[foot]‡[/foot],11.89025021,,13.89393044,,16.34431076,[foot]‡[/foot],15.80618954,,16.04710007,,13.96035004,[foot]‡[/foot],12.08141041,,10.67185974,,9.730930328,,7.030010223,,7.235710144,,6.796229839,,7.684999943,,7.696819782,,6.076330185,,,
Panama,25.64969063,,17.52343941,,14.94964981,,12.87792969,,,,11.1700201,,11.49419975,,,,9.380539894,,10.81060028,,11.86437988,,13.20083046,,14.17346954,,15.31091022,,15.5374403,,14.96026993,,14.98719025,,14.20333958,,15.03563976,,13.57357025,,13.38016033,,,,,,,,,,,,,,,,,,6.865449905,,5.117450237,,3.834140062,,1.688230038,,,,1.405220032,,1.833330035,,1.23131001,,1.31614995,,2.408329964,,5.445449829,,3.79550004,,4.933000088,,5.353680134,[foot]‡[/foot],7.076489925,,9.54531002,,12.33718014,,,,,,,
Papua New Guinea,,,,,,,,,,,,,,,,,,,,,,,,,,,,,,,,,,,,,,,38.29352951,,,,,,,,,,,,,,,,,,,,,,,,,,,,,,,,,,,,,,,,,,,,,,28.77141953,,,,,,,,22.29396057,,,,,
Paraguay,20.06528091,,,,19.08404922,,18.41855049,,,,21.01107025,,19.94017982,,19.02288055,,17.3617897,,16.09649086,,13.94997978,,12.04640007,,7.678380013,,11.61481953,,12.02297974,,12.1009903,,13.1359396,,12.36561012,,10.74153996,,8.845410347,,7.028850079,,5.023340225,,4.118259907,,3.716989994,,8.141200066,,8.295379639,,4.979410172,,,,,,2.917229891,,2.137769938,,2.124840021,,3.786439896,,4.570879936,,5.088920116,,4.570950031,,6.226079941,,7.974239826,,9.459679604,,10.46313953,,10.34130955,,10.30543995,,10.80222034,,,,,,,,21.18260002,,,,,
Peru,23.52331924,,,,,,19.8206501,,,,,,,,,,,,,,14.4250803,,9.079549789,,8.287320137,,,,,,4.574590206,,,,,,9.05286026,,,,,,,,,,6.268249989,,,,11.45722008,,11.95775986,,12.49120998,,0.218099996,,0.03365,[foot]‡[/foot],0.046799999,,0.254680008,,0.287259996,,0.463259995,[foot]‡[/foot],0.882629991,,1.057090044,,1.077530026,,1.119099975,,1.219910026,,1.119459987,,1.122470021,,1.421210051,,,,,,,,2.109999895,,0.575079978,,0.66711998,,,
Philippines,,,,,,,,,,,,,3.205699921,,,,,,3.807600021,,,,6.828370094,,6.812940121,,8.41203022,,9.108920097,,5.584459782,,6.205090046,,5.956739902,,3.937789917,,2.457139969,,1.558279991,,,,4.46612978,,5.410739899,,7.035570145,,,,4.318379879,,,,8.196920395,,11.06396008,,,,10.37784958,,9.935629845,,9.633700371,,10.23561954,,11.03742981,,12.70133972,,12.49139977,,11.33191013,,9.403539658,,,,,,,,,,3.163259983,,3.778409958,,4.547550201,,,,,
Pitcairn,,,,,,,,,,,,,,,,,,,,,,,,,,,,,,,,,,,,,,,,,,,,,,,,,,,,,,,,,,,,,,,,,,,,,,,,,,,,,,,,,,,,,,,,,,,,,,,,,,
Poland,,,,,,,,,,,,,,,,,,,,,,,,,,,,,,,,,,,,,,,,,,,,,,,,,,,,,,,,,,,3.053639889,,3.257450104,,3.520720005,,4.431819916,,5.373849869,,6.172890186,,6.784289837,,6.703390121,,6.590390205,,6.425159931,,5.714550018,,5.226240158,,5.194769859,,4.680039883,,4.365779877,,4.658629894,,4.852670193,,4.40309,,,,,
Portugal,,,,,,,11.96757984,,11.91382027,,,,7.640580177,,6.581500053,,4.089950085,,,,4.495090008,,3.976360083,,,,,,2.127379894,,0.547810018,,0.351639986,,0.485289991,,,,,,0.29332,,1.755849957,,0.380510002,,0.274699986,,1.645020008,,0.517799973,,0.420780003,[foot]‡[/foot],,,,,,,2.977220058,,,,,,,,0.852330029,,0.727760017,,0.935159981,,,,,,0.630580008,,0.510110021,,0.971390009,,0.884639978,,1.024710059,,1.888900042,,2.853430033,,3.568650007,,,,,
Puerto Rico,,,,,,,,,,,,,,,,,,,,,,,,,,,,,,,,,,,,,,,,,,,,,,,,,,,,,,,,,,,,,,,,,,,,,,,,,,,,,,,,,13.06044006,[foot]‡[/foot],16.43729973,,16.07171059,,16.2667408,,16.76262093,,18.54166031,,,,,,,
Qatar,,,19.2971096,,14.65596962,,13.32151985,,14.11940002,,,,11.12666988,,9.565770149,,5.544589996,,4.109399796,,3.902780056,,5.277910233,,4.390230179,,6.508749962,,6.560470104,,8.596859932,,7.672540188,,10.82485962,,11.8732996,,12.65841961,,14.39445019,,18.94158936,,21.79302979,,22.92564011,,18.39497948,,,,,,,,2.606580019,,1.423769951,,3.812249899,[foot]‡[/foot],3.063790083,[foot]‡[/foot],1.854789972,,3.295180082,,3.814280033,,0.71329999,,6.637650013,,1.534839988,,,,2.925960064,,4.581130028,,1.188740015,,2.574199915,,6.322309971,,6.143320084,,3.426310062,,2.168070078,,1.333230019,,,
Republic of Moldova,,,,,,,,,,,,,,,,,,,,,,,,,,,,,,,,,,,,,,,,,,,,,,,,,,,,,,,,,,,,,7.439260006,[foot]+[/foot],4.413449764,[foot]+[/foot],4.03606987,[foot]+[/foot],3.361119986,[foot]+[/foot],3.370899916,[foot]+[/foot],6.627999783,[foot]+[/foot],9.365519524,[foot]+[/foot],9.988300323,[foot]+[/foot],9.536470413,[foot]+[/foot],9.966139793,[foot]+[/foot],9.894860268,[foot]+[/foot],9.422100067,[foot]+[/foot],9.471830368,[foot]+[/foot],9.420089722,[foot]+[/foot],9.998250008,[foot]+[/foot],10.05002975,[foot]+[/foot],9.964389801,[foot]+[/foot],10.28586006,[foot]+[/foot],,
Romania,,,,,,,,,,,,,,,,,,,,,,,,,,,,,,,,,,,,,,,,,,,,,,,26.26470947,,18.05875015,,12.2677803,,9.763170242,,8.890910149,,4.641280174,,7.220170021,,7.687990189,,8.143989563,,5.868639946,,2.823740005,,1.107179999,,2.438819885,,4.831280231,,5.106100082,,5.522749901,,5.580649853,,6.145689964,,6.850080013,,8.018420219,,,,,,9.19892025,,9.957030296,,,,,
Russian Federation,,,,,,,,,,,,,,,,,,,,,,,,,,,,,,,,,,,,,,,,,,,,,,,,,3.199749947,,6.748529911,,,,,,,,,,,,,,,,,,,,,,7.176889896,[foot]‡[/foot],6.432360172,[foot]‡[/foot],5.199470043,[foot]‡[/foot],3.756380081,,,,2.733109951,[foot]‡[/foot],2.673460007,,2.494119883,[foot]‡[/foot],3.700769901,[foot]‡[/foot],2.505609989,[foot]‡[/foot],2.413939953,[foot]‡[/foot],,,,
Rwanda,,,,,,,44.63845825,,46.76411819,,49.18730164,,,,45.72906876,,43.49232101,,,,,,,,,,,,,,,,,,,,,,,,,,,,,,,,,,,,,,,,,,19.06232071,,,,,,17.04865074,,10.9767704,,,,,,,,,,,,,,,,,,,,,,,,,,4.138030052,,6.065380096,,,
Réunion,,,,,,,,,,,,,,,,,,,,,,,,,,,,,,,,,,,,,,,,,,,,,,,,,,,,,,,,,,,,,,,,,,,,,,,,,,,,,,,,,,,,,,,,,,,,,,,,,,
Saint Helena,,,,,,,,,,,,,,,,,,,,,,,,,,,,,,,,,,,,,,,,,,,,,,,,,,,,,,,,,,,,,,,,,,,,,,,,,,,,,,,,,,,,,,,,,,,,,,,,,,
Saint Kitts and Nevis,,,,,,,,,,,,,,,,,,,,,,,,,,,,,,,,,,,,,,,,,,,,,,,,,,,,,,,,,,,,,,,,,,,,,,,,,,,,,,,,,,,,,,,,,,,,,,,,,,
Saint Lucia,,,,,,,,,,,,,,,,,,,,,,,7.736299992,,5.798749924,,0.950160027,,1.265020013,,,[foot]n[/foot],,[foot]n[/foot],,,,,,,2.686889887,,,,,,,,,,,,,,,,,,,,9.348469734,[foot]‡[/foot],8.939350128,[foot]‡[/foot],1.664839983,[foot]‡[/foot],2.914459944,,5.106490135,[foot]‡[/foot],7.458129883,,4.925930023,[foot]‡[/foot],5.47781992,,,,,,,,,,,,,,,,,,,,,,,
Saint Pierre/Miquelon,,,,,,,,,,,,,,,,,,,,,,,,,,,,,,,,,,,,,,,,,,,,,,,,,,,,,,,,,,,,,,,,,,,,,,,,,,,,,,,,,,,,,,,,,,,,,,,,,,
Saint-Martin,,,,,,,,,,,,,,,,,,,,,,,,,,,,,,,,,,,,,,,,,,,,,,,,,,,,,,,,,,,,,,,,,,,,,,,,,,,,,,,,,,,,,,,,,,,,,,,,,,
Samoa,,,,,,,,,,,,,,,,,,,,,,,,,,,,,,,,,,,,,,,,,,,,,,,,,6.627449989,,,,,,,,3.801970005,,7.318789959,,8.499810219,,5.25316,,,,,,,,,,,,1.630390048,,,,0.270310014,,3.241090059,,4.968460083,,3.890810013,,,,2.706929922,,2.672359943,,3.65737009,,3.806459904,,,
San Marino,,,,,,,,,,,,,,,,,,,,,,,,,,,,,,,,,,,,,,,,,,,,,,,,,,,,,,,,,,,,,,,,,,,,,,,,,,,,,,,8.002369881,[foot]+[/foot],5.85916996,[foot]‡[/foot],,,6.935389996,[foot]+[/foot],,,,,,,,,,,,
Sao Tome and Principe,,,,,,,,,,,,,,,,,,,,,,,,,,,3.860899925,,3.881910086,,,,,,10.19307041,,7.956260204,,,,3.311229944,,,,,,,,,,,,,,,,,,18.59527016,,,,,,3.536489964,[foot]‡[/foot],2.206350088,,1.013090014,,1.204020023,,,,10.43574047,,9.510129929,,8.468529701,,8.431369781,,,,,,9.15707016,,8.593219757,,8.643139839,,,,3.00406003,,,
Saudi Arabia,,,,,,,,,,,,,,,,,,,56.39838028,,,,,,,,,,,,,,,,,,,,,,,,,,,,,,,,,,,,,,,,,,,,,,,,,,,,,,,,,,,,9.002869606,[foot]‡[/foot],3.361979961,,3.375499964,,0.464949995,,2.173719883,[foot]‡[/foot],2.538320065,[foot]‡[/foot],,,,,,,,
Senegal,,,,,,,,,,,,,,,,,69.21852112,,66.68821716,,65.56349945,,64.28881836,,62.55796051,,60.58826828,,59.7299881,,58.97723007,,54.35528946,,,,53.62517166,,54.40589905,,55.22803116,,,,55.76665878,,,,55.07141113,,,,50.79779816,,46.567379,,43.99354172,,45.05403137,,41.9010582,[foot]‡[/foot],,,,,35.17436981,[foot]‡[/foot],37.1033783,,35.98768997,,33.50656128,,30.91109085,[foot]‡[/foot],30.05711937,,29.65917015,,28.74880981,,28.23048019,,25.24622917,,26.4092598,,25.73023033,,25.81002998,,27.66000938,[foot]‡[/foot],24.82629967,,,
Serbia,,,,,,,,,,,,,,,,,,,,,,,,,,,,,,,,,,,,,,,,,,,,,,,,,,,,,,,,,,,,,,,,,,,,,,,0.296409994,[foot]+[/foot],0.13752,[foot]+[/foot],1.655320048,[foot]+[/foot],2.001929998,[foot]+[/foot],3.911999941,[foot]+[/foot],5.463630199,[foot]+[/foot],2.875099897,[foot]+[/foot],3.83585,[foot]+[/foot],3.658479929,[foot]+[/foot],1.411730051,[foot]+[/foot],0.793770015,[foot]+[/foot],0.831439972,[foot]+[/foot],1.439689994,[foot]+[/foot],,
Seychelles,,,,,,,,,,,,,,,,,,,15.95055008,,,,,,,,,,,,,,,,,,,,,,,,,,,,12.09751034,,9.124580383,,8.337670326,,7.942279816,,,,0.54569,,,,6.862720013,[foot]‡[/foot],13.94225979,,6.605319977,[foot]‡[/foot],4.897119999,[foot]‡[/foot],4.62278986,[foot]‡[/foot],4.482629776,[foot]‡[/foot],,,,,,,,,,,,,,,,,,,,,,,,,,
Sierra Leone,,,,,,,,,,,,,,,,,,,,,,,,,,,56.42221069,,,,,,,,,,,,,,,,,,,,,,,,,,,,,,,,,,,,,,,,,,,,,,,,,,,,,,,,,,6.740210056,,1.320850015,,,,5.025090218,,0.822629988,,,,,
Singapore,,,,,,,,,,,,,,,,,,,,,,,,,,,,,,,,,,,,,,,,,,,,,,,,,,,,,,,,,,,,,,,,,,,,,,,,,,,,,,,,,,,,,,,,,,,,,0.058770001,[foot]+[/foot],,,,
Sint Maarten,,,,,,,,,,,,,,,,,,,,,,,,,,,,,,,,,,,,,,,,,,,,,,,,,,,,,,,,,,,,,,,,,,,,,,,,,,,,,,,,,,,,,,,,,,,,,,,,,,
Slovakia,,,,,,,,,,,,,,,,,,,,,,,,,,,,,,,,,,,,,,,,,,,,,,,,,,,,,,,,,,,,,,,,,,,,,,,,,,,,,,,,,,,,,,,,,,,,,,,,,,
Slovenia,,,,,,,,,,,,,,,,,,,,,,,,,,,,,,,,,,,,,,,,,,,,,,,,,,,7.132130146,,5.382949829,,4.70663023,,2.343280077,,3.494810104,,4.446929932,,3.854650021,,3.198719978,,2.310689926,,0.341069996,,1.312549949,,1.904080033,,2.011940002,,1.864910007,,1.92742002,,2.001929998,,1.948040009,,1.46875,,2.121829987,,2.343359947,,1.969449997,,2.235009909,,,,,
Solomon Islands,,,,,,,,,,,,,,,,,,,,,,,,,,,,,,,,,,,,,,,,,,,,,,,,,,,,,,,,,,,,,,,,,,,,,,,24.59870911,[foot]‡[/foot],19.63109016,,19.47866058,,,,,,,,,,,,29.43078041,,29.78500938,,29.41481972,,27.35865021,,30.47360039,,,
Somalia,,,,,,,,,,,,,80.1917038,,82.60694122,,85.77761078,,85.73683167,,85.69915771,,,,,,,,,,,,,,,,,,,,,,,,,,,,,,,,,,,,,,,,,,,,,,,,,,,,,,,,,,,,,,,,,,,,,,,,,,,,,
South Africa,35.09685898,,,,,,,,,,,,,,,,,,,,,,,,,,,,,,,,,,,,,,,,,,13.09729958,,,,,,8.540920258,,7.415180206,,,,,,6.790599823,,5.88395977,,7.822859764,[foot]‡[/foot],7.754809856,[foot]‡[/foot],7.693130016,,7.478660107,,7.67223978,[foot]‡[/foot],8.999259949,[foot]‡[/foot],,,,,,,,,,,,,,,,,,,8.446809769,[foot]‡[/foot],,,,,,
South Sudan,,,,,,,,,,,,,,,,,,,,,,,,,,,,,,,,,,,,,,,,,,,,,,,,,,,,,,,,,,,,,,,,,,,,,,,,,,,,,,,,,,,59.10330963,[foot]‡[/foot],,,,,,,67.84046173,[foot]‡[/foot],,,,,,
Spain,,,7.102069855,,5.732039928,,4.768159866,,,,0.533349991,,0.093259998,,0.911599994,,1.505650043,,1.406589985,,0.842639983,,0.819149971,,,,0.413949996,,0.243499994,,0.209179997,,0.199239999,,0.793529987,,1.621620059,,1.016980052,,1.041820049,,0.337839991,,0.650479972,,0.0132,,0.017100001,,0.043919999,,0.05607,,0.06464,,,,0.143179998,,0.186880007,,0.237369999,,0.181639999,,0.14305,,0.251650006,,0.380259991,,0.224219993,,0.119240001,,0.1435,,0.282209992,,0.386070013,,0.325760007,,0.331860006,,0.880630016,,1.47755003,,1.067029953,,1.469990015,,,,,
Sri Lanka,,,,,,,,,,,,,,,21.51889992,,,,,,,,,,,,,,,,,,1.821089983,,,,,,,,,,,,,,,,,,,,,,,,,,,,,,0.118830003,,0.075290002,,0.382589996,,3.151659966,,2.746670008,,3.268670082,,3.627779961,[foot]‡[/foot],4.450600147,,6.621369839,,4.956560135,,4.82006979,,4.649919987,,3.518599987,,2.692270041,,0.918789983,,0.9199,,0.702979982,,,
St Vincent/Grenadines,,,,,,,,,,,,,,,,,,,,,,,,,,,,,6.301599979,,,,3.009259939,,,,,,,,,,,,,,,,0.537639976,,,,,,,,,,,,1.788630009,[foot]‡[/foot],,,0.946529984,,0.516939998,,0.608200014,,1.733610034,,,,1.596600056,,2.479099989,,1.669839978,,1.511229992,,3.310470104,,0.884959996,,3.744600058,,,,1.225360036,,1.902400017,,1.654510021,,,
Sudan,,,,,,,,,,,,,,,,,,,,,,,,,,,,,,,,,,,,,,,,,,,,,,,,,,,,,,,,,,,,,,,,,,,,,,,,,,,,,,,,,,,41.01914978,,43.59571838,,43.65647125,[foot]‡[/foot],43.36634827,[foot]‡[/foot],42.67617035,[foot]‡[/foot],40.430439,[foot]‡[/foot],,,,
Suriname,,,,,,,,,,,,,,,6.118639946,,4.683780193,,,,,,,,,,,,,,1.064880013,,,,1.427430034,,1.249169946,,,,,,,,,,,,,,,,,,,,,,,,,,,,,,,,,,16.93972015,,14.97085953,[foot]‡[/foot],16.81481934,,10.7530899,[foot]‡[/foot],7.197969913,,8.386590004,,9.58411026,,8.492400169,,8.433979988,,8.560020447,,6.641860008,,5.285729885,[foot]‡[/foot],2.301179886,,,
Svalbard/Jan Mayen Is,,,,,,,,,,,,,,,,,,,,,,,,,,,,,,,,,,,,,,,,,,,,,,,,,,,,,,,,,,,,,,,,,,,,,,,,,,,,,,,,,,,,,,,,,,,,,,,,,,
Sweden,,,,,,,,,,,,,0.564580023,,,,,,,,,,,,3.787499905,,,,,,,,,,1.832260013,,1.58178997,,1.223719954,,0.484039992,,0.276050001,,0.161320001,,0.364780009,,0.101709999,,1.161929965,,0.196549997,,0.171849996,,,,0.229809999,,0.574440002,,0.275000006,,0.471089989,,0.89744997,,3.11300993,,4.607059956,,4.921199799,,3.749350071,,1.566640019,,0.664510012,,0.616490006,,0.521220028,,0.400559992,,0.325139999,,0.289550006,,0.368739992,,0.392870009,,,,,
Switzerland,,,,,,,,,,,,,,,24.34843063,,23.81501007,,,,,,22.86025047,,22.89621925,,23.26732063,,23.79066086,,23.85017967,,23.43931007,,22.25489998,,20.47134018,,18.41842079,,16.7071991,,15.90826035,,15.8730402,,16.67440033,,17.56007004,,11.13383961,,9.207819939,,,,,,0.517030001,,0.702409983,,0.775709987,,0.773249984,,0.77046001,,,,,,,,,,,,,,0.907149971,,0.764620006,,0.787660003,,0.367449999,,0.348930001,,0.373519987,,0.240050003,,,,,
Syrian Arab Republic,,,27.1196003,,,,18.0644207,,16.42042923,,16.26696014,,15.53742981,,14.64511013,,14.94159031,,15.11933041,,14.21479034,,14.20217991,,13.93626976,,13.50339031,,11.66839027,,10.18675995,,8.547670364,,5.164929867,,5.292469978,,4.961629868,,5.267320156,,4.235380173,,3.836580038,,3.791800022,,3.564150095,,3.530910015,,3.620340109,,4.421140194,,3.402610064,,3.471110106,,3.139290094,,2.470030069,,2.295259953,,1.616719961,,1.000759959,,0.804709971,,0.940779984,,1.037999988,,0.982969999,,1.087870002,,1.071930051,,,,,,32.76784897,,,,,,,,,,,
TFYR Macedonia,,,,,,,,,,,,,,,,,,,,,,,,,,,,,,,,,,,,,,,,,,,,,,,,,,,,,,,,,8.479330063,,8.70468998,,4.206820011,,5.137139797,,6.253970146,,7.419950008,,7.089739799,,7.117619991,,8.264240265,,8.536430359,,9.255029678,,8.038140297,,4.695109844,,,,10.28777981,[foot]‡[/foot],11.37106037,,10.77064991,,8.289050102,,,,,,,
Tajikistan,,,,,,,,,,,,,,,,,,,,,,,,,,,,,,,,,,,,,,,,,,,,,,,,,,,,,,,,,,,,,4.319320202,,4.815740108,,3.140980005,,3.076630116,,2.619780064,,2.945260048,,3.380660057,,4.486219883,,2.27670002,,1.835759997,,1.627320051,,1.824020028,,1.871709943,,2.45807004,,4.225900173,,4.893479824,,4.527470112,,1.465389967,,,
Tanzania,,,,,,,,,,,,,51.79185104,,,,,,,,30.13167953,,31.40732956,,36.28213882,,37.5221405,,40.70898819,,43.5378685,,44.83610153,,46.28374863,,47.92409897,,48.01768875,,48.67436981,,49.37445831,,49.29605865,,50.07997131,,51.28736877,,51.39757919,,51.29008102,,50.90699005,,51.4294014,,51.02431107,,47.49811172,[foot]‡[/foot],42.94792175,[foot]‡[/foot],28.29431915,,20.07435989,[foot]‡[/foot],15.91438007,,11.73641968,,,,,,,,,,12.28522968,,,,17.0562191,,19.23755074,[foot]‡[/foot],20.67713928,,,,19.19148064,[foot]‡[/foot],20.20064926,[foot]‡[/foot],,
Thailand,,,,,,,24.49382019,,24.09248924,,,,,,,,,,,,,,,,,,,,,,,,,,,,,,,,,,,,,,,,,,,,,,,,,,,,,,,,,,,,,,,,1.108060002,,1.538759947,,2.095799923,,1.980419993,,,,,,,,,,,,,,,,,,,
Timor-Leste,,,,,,,,,,,,,,,,,,,,,,,,,,,,,,,,,,,,,,,,,,,,,,,,,,,,,,,,,,,,,,,,,,,,,,,,,,,,,29.66583061,,21.6895504,,12.68068027,,7.318719864,,8.37831974,,9.459320068,,11.95893955,,15.01056004,,18.16340065,,19.23735046,,,
Togo,,,48.62939072,,47.62115097,,,,,,,,,,,,29.59729958,,28.39019012,,28.09815025,,,,30.73719025,,33.13040161,,40.12694931,,41.98591995,,46.43931961,,37.36016846,,36.97468948,,36.71894073,,35.52941895,,33.02510834,,,,,,37.09996033,,28.51522064,,21.2183609,,23.63146019,,,,11.24057007,,14.61513042,,11.73635006,,8.920289993,,10.6224699,,7.945340157,,8.611909866,,6.64978981,,9.953920364,,8.761400223,,,,,,,,,,,,8.537150383,,3.429250002,,8.925580025,[foot]‡[/foot],8.354640007,,,
Tokelau,,,,,,,,,,,,,,,,,,,,,,,,,,,,,,,,,,,,,,,,,,,,,,,,,,,,,,,,,,,,,,,,,,,,,,,,,,,,,,,,,,,,,,,,,,,,,8.170209885,[foot]+[/foot],,,,
Tonga,12.30998039,,11.04679012,,5.199029922,,,,10.57946014,,2.715709925,,,,,,,,,,,,,,1.266039968,,9.811030388,,1.079699993,,3.016819954,,3.236609936,,,,,,,,7.71476984,,,,,,7.360489845,,,,,,,,,,5.956950188,,9.345729828,,,,0.957319975,[foot]‡[/foot],,,,,1.895879984,[foot]‡[/foot],1.170830011,,1.081449986,[foot]‡[/foot],,,,,,,,,,,1.57723999,,3.949630022,,1.307909966,,0.062040001,,,,,,,
Trinidad and Tobago,,,6.88793993,,7.706359863,,8.442420006,,8.591380119,,7.752830029,,4.659969807,,3.949039936,,5.901490211,,10.59290028,,13.74512959,,8.694680214,,7.411049843,,7.419360161,,8.125300407,,7.837749958,,9.613490105,,7.58908987,,6.770699978,,8.150850296,,9.965649605,,10.38062954,,10.80088997,,11.67961025,,,,,,11.33218956,,11.51546955,,,,2.108839989,,1.694350004,[foot]‡[/foot],2.229239941,,5.457509995,[foot]‡[/foot],4.06870985,,3.409830093,[foot]+[/foot],6.325139999,[foot]+[/foot],,,3.120340109,,2.019789934,,1.699920058,[foot]+[/foot],1.266489983,,,,,,,,,,,,,,,,,
Tunisia,,,22.12508965,,,,,,,,24.20150948,,,,,,22.07275963,,20.62882042,,18.55890083,,16.82592964,,14.2321701,,11.17263985,,8.426830292,,7.679729939,,7.002560139,,6.483510017,,6.163980007,,5.702660084,,6.054069996,,5.050489902,,4.663380146,,3.825419903,,3.811120033,,3.575540066,,4.5395298,,5.662449837,,,,5.655240059,[foot]‡[/foot],4.561789989,,2.714159966,,0.522270024,[foot]‡[/foot],0.302060008,,0.159119993,[foot]‡[/foot],1.127760053,,1.369940042,,2.347189903,,2.001199961,,1.398820043,,0.365440011,,0.365929991,,0.106349997,,0.384660006,,,,,,,,,,,
Turkey,,,,,,,,,15.00588989,,,,,,,,,,,,,,,,,,,,,,8.017069817,,7.080369949,,7.403319836,,5.717120171,,5.726980209,,3.978660107,,4.68460989,,4.497970104,,6.929659843,,7.750510216,,8.354689598,,,,7.955480099,,,,5.021100044,,4.144680023,,3.605560064,,3.281899929,,2.848999977,,2.522069931,,2.206830025,,1.941720009,,1.48853004,,2.271759987,,4.676270008,,3.936369896,,4.787059784,,6.157489777,,6.464379787,,5.116300106,,5.0271101,,5.559569836,,,,,
Turkmenistan,,,,,,,,,,,,,,,,,,,,,,,,,,,,,,,,,,,,,,,,,,,,,,,,,,,,,,,,,,,,,,,,,,,,,,,,,,,,,,,,,,,,,,,,,,,,,,,,,,
Turks and Caicos Is,,,,,,,,,,,,,,,,,,,,,,,,,,,,,,,,,,,,,,,,,,,,,,,,,,,,,,,,,,,,,,,,,,,,,,,,,,,,,,,,,,,,,,,,,,,,,,,,,,
Tuvalu,,,,,,,,,,,,,,,,,,,,,,,,,,,,,,,,,,,,,,,,,,,,,,,,,,,,,,,,,,,,,,,,,,,,,,,,,,,,,,,,,,,,,,,,,0.339080006,[foot]+[/foot],,,2.515219927,[foot]+[/foot],,,,
Uganda,,,,,,,,,,,,,,,,,,,62.78659821,,,,59.2075119,,57.41358185,,,,,,,,43.17900848,,,,,,,,,,,,,,,,,,,,,,,,,,,,,,,,,,,,,,,,,,,,,,9.089389801,,12.2800703,,9.561639786,,,,9.002010345,,,,,,,,,,,
Ukraine,,,,,,,,,,,,,,,,,,,,,,,,,,,,,,,,,,,,,,,,,,,,,,,,,,,,,,,,,,,,,,,,,3.663369894,,9.904629707,,10.23698044,,10.05158997,,11.21883011,,11.76012039,,12.06501007,,11.69456005,,9.233240128,,7.125669956,,6.122119904,,5.739180088,,7.231949806,,,,,,,,,
United Arab Emirates,,,,,,,,,,,,,,,,,21.49650955,,,,25.11605072,,28.05414009,,23.16485977,,27.66144943,,27.80703926,,28.11882973,,27.33814049,,16.48796082,,13.10414028,,8.36400032,,4.438149929,,3.831830025,,7.19686985,,10.67862034,,12.64159966,,12.1405201,,14.90711975,,18.40653992,,17.72543907,,,,,,,,,,,,,,,,,,6.350699902,,,,,,,,,,5.35394001,,5.88297987,,4.739160061,,4.029099941,,2.821350098,,,,,
United Kingdom,,,1.891970038,,2.748339891,,3.698309898,,4.189310074,,4.278409958,,4.194059849,,3.880520105,,3.810149908,,3.644880056,,2.290899992,[foot]‡[/foot],2.420039892,[foot]‡[/foot],3.37631011,,4.962029934,[foot]‡[/foot],5.42866993,[foot]‡[/foot],6.500710011,[foot]‡[/foot],4.883930206,[foot]‡[/foot],2.059669971,[foot]‡[/foot],0.390020013,[foot]‡[/foot],0.287770003,,0.210969999,,1.880370021,[foot]‡[/foot],3.408590078,[foot]‡[/foot],,,,,,,,,,,0.09454,,0.056299999,,0.05161,,0.06002,,0.251670003,,0.092670001,,0.687300026,,,[foot]n[/foot],0.442600012,,2.272300005,,1.096359968,,1.828359962,,1.622509956,,1.623340011,,1.370959997,,0.108599998,,0.092,,0.058030002,,0.236560002,,,,,
United States,,,,,,,,,,,18.41798019,,,,,,,,,,,,,,,,,,,,,,6.81746006,,4.909210205,,,,,,1.351259947,,1.349230051,,,,3.288340092,,3.921459913,,2.962150097,,4.079430103,,,,,,,,,,,,,,,,,,,,,,,,,,,,,,6.531779766,[foot]+[/foot],6.267849922,[foot]+[/foot],6.142389774,[foot]‡[/foot],5.831940174,[foot]+[/foot],5.399769783,[foot]+[/foot],4.107940197,[foot]+[/foot],,,,
Uruguay,,,,,,,,,,,,,,,,,,,,,,,,,,,13.45571041,,13.22646999,,11.74604988,,11.35130978,,12.19604969,,,,,,,,7.999989986,,6.038859844,,5.343009949,,6.965159893,,7.456530094,,7.952030182,,7.802889824,,,,,,,,,,,,,,,,2.436199903,,0.052680001,,1.900259972,,0.742820024,,0.556280017,,0.157600001,,,,,,0.503130019,,5.49285984,,2.302279949,,1.654039979,,,,,
Uzbekistan,,,,,,,,,,,,,,,,,,,,,,,,,,,,,,,,,,,,,,,,,,,,,,,,,,,,,,,,,,,,,,,,,,,,,,,,,,,7.582439899,,9.008779526,,9.404620171,,8.361800194,,7.5927701,,5.94615984,,4.667630196,,3.504780054,,2.875030041,,2.494950056,,1.452219963,,,
Vanuatu,,,,,,,,,,,,,,,,,,,,,,,14.90050983,,,,,,,,,,,,,,,,24.87235069,,,,,,,,,,,,,,,,,,1.94204998,,2.353950024,[foot]‡[/foot],0.677890003,[foot]‡[/foot],0.420780003,[foot]‡[/foot],0.774569988,[foot]‡[/foot],0.328269988,[foot]‡[/foot],2.361690044,[foot]‡[/foot],0.844869971,,,,,,,,,,,,,,,,,,,,13.29909039,,,,,,,
Venezuela,,,27.62225914,,28.09370041,,28.81407928,,30.21677017,,29.34888077,,26.20516014,,24.24588013,,22.00345039,,20.29619026,,,,,,,,,,,,,,,,,,,,,,,,,,,,,,,,,,,,,,,,15.01869965,,12.51422977,,9.84992981,[foot]‡[/foot],6.875420094,,8.204159737,,7.941730022,,9.123279572,,8.390080452,,7.339230061,,9.193460464,,7.21901989,,6.396039963,,6.380710125,,6.343830109,,7.079269886,,7.349860191,,8.00331974,,11.05626965,,13.80601978,,,
Viet Nam,,,,,,,,,,,,,,,2.662919998,,9.498689651,,,,,,6.151080132,,,,,,,,8.854599953,,,,,,,,,,,,,,,,,,,,,,,,,,0.859480023,,1.638249993,,2.629980087,[foot]‡[/foot],3.932620049,[foot]‡[/foot],6.959300041,[foot]‡[/foot],,,,,9.881950378,,8.244270325,,,,2.851119995,,1.61511004,,1.861189961,,0.599120021,,1.79843998,,1.894469976,[foot]‡[/foot],,,,,,,,,,
"Virgin Islands, USA",,,,,,,,,,,,,,,,,,,,,,,,,,,,,,,,,,,,,,,,,,,,,,,,,,,,,,,,,,,,,,,,,,,,,,,,,,,,,,,,,,,,,,,,,,,,,,,,,,
Wallis and Futuna Is,,,,,,,,,,,,,,,,,,,,,,,,,,,,,,,,,,,,,,,,,,,,,,,,,,,,,,,,,,,,,,,,,,,,,,,,,,,,,,,,,,,,,,,,,,,,,,,,,,
Western Sahara,,,,,,,,,,,,,,,,,,,,,,,,,,,,,,,,,,,,,,,,,,,,,,,,,,,,,,,,,,,,,,,,,,,,,,,,,,,,,,,,,,,,,,,,,,,,,,,,,,
Yemen,,,,,,,,,,,,,,,,,,,,,,,,,,,,,,,,,,,,,,,,,,,,,,,,,,,,,,,,,,,44.05664825,,,,35.53554916,[foot]‡[/foot],,,29.32563019,[foot]‡[/foot],26.37434959,[foot]‡[/foot],24.25099945,,,,,,24.00649071,,,,18.93350029,,,,15.45242977,,15.02291965,,,,,,16.68317986,,,,,
Zambia,,,,,21.63293076,,,,,,,,19.56296921,,19.69684982,,20.88002014,,21.40537071,,21.4018898,,21.37945938,,21.51070023,,19.92840958,,18.81364059,,,,17.49513054,,,,19.56727982,,,,,,,,,,,,26.59231949,,28.48888016,,,,,,31.65346909,,33.14712143,[foot]‡[/foot],33.35977936,[foot]‡[/foot],33.74459839,[foot]‡[/foot],30.94964981,[foot]‡[/foot],,,18.75964928,[foot]‡[/foot],10.80053997,[foot]‡[/foot],12.73503971,,10.40423012,,9.937580109,,12.88294983,[foot]‡[/foot],15.42481995,[foot]‡[/foot],11.59142017,,9.874690056,[foot]‡[/foot],12.09259033,,,,,,,,,,,
Zimbabwe,,,,,,,,,,,,,,,,,,,,,,,,,2.372989893,,,,1.111140013,,,,1.656839967,,,,,,,,,,,,,,,,,,,,,,,,15.90268993,[foot]‡[/foot],13.71905994,,12.97204971,[foot]‡[/foot],10.95495033,,14.49365997,,15.86254978,,,,,,,,,,,,,,,,,,11.9365797,,14.77081013,,,,,,,,,,,
,,,,,,,,,,,,,,,,,,,,,,,,,,,,,,,,,,,,,,,,,,,,,,,,,,,,,,,,,,,,,,,,,,,,,,,,,,,,,,,,,,,,,,,,,,,,,,,,,,
Data Owner,the UNESCO Institute for Statistics,,,,,,,,,,,,,,,,,,,,,,,,,,,,,,,,,,,,,,,,,,,,,,,,,,,,,,,,,,,,,,,,,,,,,,,,,,,,,,,,,,,,,,,,,,,,,,,,,
